0.00000000e+00,1.88787841e+00,0.00000000e+00,1.88762395e+00,0.00000000e+00,2.02440147e+00,0.00000000e+00,1.50118113e+00,0.00000000e+00,1.74486716e+00,0.00000000e+00,1.50102228e+00,0.00000000e+00,1.74440035e+00,0.00000000e+00,1.52112549e+00,
1.00000000e-02,1.88601610e+00,1.00000000e-02,1.88576234e+00,1.00000000e-02,2.02242306e+00,1.00000000e-02,1.49785900e+00,1.00000000e-02,1.74062829e+00,1.00000000e-02,1.49770037e+00,1.00000000e-02,1.74015914e+00,1.00000000e-02,1.51569119e+00,
2.00000000e-02,1.88412911e+00,2.00000000e-02,1.88387605e+00,2.00000000e-02,2.02041174e+00,2.00000000e-02,1.49449403e+00,2.00000000e-02,1.73629206e+00,2.00000000e-02,1.49433563e+00,2.00000000e-02,1.73582041e+00,2.00000000e-02,1.51018514e+00,
3.00000000e-02,1.88221692e+00,3.00000000e-02,1.88196456e+00,3.00000000e-02,2.01836667e+00,3.00000000e-02,1.49108536e+00,3.00000000e-02,1.73185488e+00,3.00000000e-02,1.49092718e+00,3.00000000e-02,1.73138056e+00,3.00000000e-02,1.50460631e+00,
4.00000000e-02,1.88027899e+00,4.00000000e-02,1.88002734e+00,4.00000000e-02,2.01628693e+00,4.00000000e-02,1.48763211e+00,4.00000000e-02,1.72731302e+00,4.00000000e-02,1.48747415e+00,4.00000000e-02,1.72683587e+00,4.00000000e-02,1.49895344e+00,
5.00000000e-02,1.87831475e+00,5.00000000e-02,1.87806382e+00,5.00000000e-02,2.01417159e+00,5.00000000e-02,1.48413337e+00,5.00000000e-02,1.72266261e+00,5.00000000e-02,1.48397563e+00,5.00000000e-02,1.72218244e+00,5.00000000e-02,1.49322494e+00,
6.00000000e-02,1.87632363e+00,6.00000000e-02,1.87607343e+00,6.00000000e-02,2.01201969e+00,6.00000000e-02,1.48058823e+00,6.00000000e-02,1.71789959e+00,6.00000000e-02,1.48043071e+00,6.00000000e-02,1.71741620e+00,6.00000000e-02,1.48741886e+00,
7.00000000e-02,1.87430504e+00,7.00000000e-02,1.87405557e+00,7.00000000e-02,2.00983023e+00,7.00000000e-02,1.47699575e+00,7.00000000e-02,1.71301977e+00,7.00000000e-02,1.47683845e+00,7.00000000e-02,1.71253296e+00,7.00000000e-02,1.48153285e+00,
8.00000000e-02,1.87225837e+00,8.00000000e-02,1.87200964e+00,8.00000000e-02,2.00760216e+00,8.00000000e-02,1.47335497e+00,8.00000000e-02,1.70801880e+00,8.00000000e-02,1.47319789e+00,8.00000000e-02,1.70752833e+00,8.00000000e-02,1.47556415e+00,
9.00000000e-02,1.87018298e+00,9.00000000e-02,1.86993499e+00,9.00000000e-02,2.00533439e+00,9.00000000e-02,1.46966491e+00,9.00000000e-02,1.70289216e+00,9.00000000e-02,1.46950805e+00,9.00000000e-02,1.70239779e+00,9.00000000e-02,1.46950964e+00,
1.00000000e-01,1.86807822e+00,1.00000000e-01,1.86783099e+00,1.00000000e-01,2.00302581e+00,1.00000000e-01,1.46592460e+00,1.00000000e-01,1.69763520e+00,1.00000000e-01,1.46576794e+00,1.00000000e-01,1.69713668e+00,1.00000000e-01,1.46336585e+00,
1.10000000e-01,1.86594341e+00,1.10000000e-01,1.86569695e+00,1.10000000e-01,2.00067523e+00,1.10000000e-01,1.46213302e+00,1.10000000e-01,1.69224314e+00,1.10000000e-01,1.46197658e+00,1.10000000e-01,1.69174018e+00,1.10000000e-01,1.45712911e+00,
1.20000000e-01,1.86377787e+00,1.20000000e-01,1.86353217e+00,1.20000000e-01,1.99828144e+00,1.20000000e-01,1.45828917e+00,1.20000000e-01,1.68671104e+00,1.20000000e-01,1.45813294e+00,1.20000000e-01,1.68620335e+00,1.20000000e-01,1.45079565e+00,
1.30000000e-01,1.86158086e+00,1.30000000e-01,1.86133595e+00,1.30000000e-01,1.99584317e+00,1.30000000e-01,1.45439204e+00,1.30000000e-01,1.68103387e+00,1.30000000e-01,1.45423603e+00,1.30000000e-01,1.68052114e+00,1.30000000e-01,1.44436172e+00,
1.40000000e-01,1.85935165e+00,1.40000000e-01,1.85910752e+00,1.40000000e-01,1.99335909e+00,1.40000000e-01,1.45044062e+00,1.40000000e-01,1.67520648e+00,1.40000000e-01,1.45028483e+00,1.40000000e-01,1.67468837e+00,1.40000000e-01,1.43782371e+00,
1.50000000e-01,1.85708946e+00,1.50000000e-01,1.85684613e+00,1.50000000e-01,1.99082784e+00,1.50000000e-01,1.44643391e+00,1.50000000e-01,1.66922364e+00,1.50000000e-01,1.44627833e+00,1.50000000e-01,1.66869978e+00,1.50000000e-01,1.43117827e+00,
1.60000000e-01,1.85479350e+00,1.60000000e-01,1.85455098e+00,1.60000000e-01,1.98824797e+00,1.60000000e-01,1.44237093e+00,1.60000000e-01,1.66308001e+00,1.60000000e-01,1.44221557e+00,1.60000000e-01,1.66255004e+00,1.60000000e-01,1.42442240e+00,
1.70000000e-01,1.85246295e+00,1.70000000e-01,1.85222124e+00,1.70000000e-01,1.98561800e+00,1.70000000e-01,1.43825072e+00,1.70000000e-01,1.65677021e+00,1.70000000e-01,1.43809558e+00,1.70000000e-01,1.65623372e+00,1.70000000e-01,1.41755353e+00,
1.80000000e-01,1.85009694e+00,1.80000000e-01,1.84985605e+00,1.80000000e-01,1.98293635e+00,1.80000000e-01,1.43407237e+00,1.80000000e-01,1.65028875e+00,1.80000000e-01,1.43391746e+00,1.80000000e-01,1.64974531e+00,1.80000000e-01,1.41056964e+00,
1.90000000e-01,1.84769460e+00,1.90000000e-01,1.84745455e+00,1.90000000e-01,1.98020140e+00,1.90000000e-01,1.42983504e+00,1.90000000e-01,1.64363002e+00,1.90000000e-01,1.42968035e+00,1.90000000e-01,1.64307919e+00,1.90000000e-01,1.40346940e+00,
2.00000000e-01,1.84525501e+00,2.00000000e-01,1.84501580e+00,2.00000000e-01,1.97741144e+00,2.00000000e-01,1.42553793e+00,2.00000000e-01,1.63678829e+00,2.00000000e-01,1.42538348e+00,2.00000000e-01,1.63622960e+00,2.00000000e-01,1.39625223e+00,
2.10000000e-01,1.84277722e+00,2.10000000e-01,1.84253886e+00,2.10000000e-01,1.97456471e+00,2.10000000e-01,1.42118040e+00,2.10000000e-01,1.62975762e+00,2.10000000e-01,1.42102618e+00,2.10000000e-01,1.62919058e+00,2.10000000e-01,1.38891854e+00,
2.20000000e-01,1.84026025e+00,2.20000000e-01,1.84002275e+00,2.20000000e-01,1.97165933e+00,2.20000000e-01,1.41676188e+00,2.20000000e-01,1.62253181e+00,2.20000000e-01,1.41660791e+00,2.20000000e-01,1.62195591e+00,2.20000000e-01,1.38146993e+00,
2.30000000e-01,1.83770307e+00,2.30000000e-01,1.83746644e+00,2.30000000e-01,1.96869338e+00,2.30000000e-01,1.41228203e+00,2.30000000e-01,1.61510433e+00,2.30000000e-01,1.41212832e+00,2.30000000e-01,1.61451904e+00,2.30000000e-01,1.37390943e+00,
2.40000000e-01,1.83510463e+00,2.40000000e-01,1.83486888e+00,2.40000000e-01,1.96566481e+00,2.40000000e-01,1.40774069e+00,2.40000000e-01,1.60746828e+00,2.40000000e-01,1.40758724e+00,2.40000000e-01,1.60687306e+00,2.40000000e-01,1.36624177e+00,
2.50000000e-01,1.83246383e+00,2.50000000e-01,1.83222897e+00,2.50000000e-01,1.96257149e+00,2.50000000e-01,1.40313795e+00,2.50000000e-01,1.59961637e+00,2.50000000e-01,1.40298479e+00,2.50000000e-01,1.59901066e+00,2.50000000e-01,1.35847378e+00,
2.60000000e-01,1.82977952e+00,2.60000000e-01,1.82954557e+00,2.60000000e-01,1.95941121e+00,2.60000000e-01,1.39847426e+00,2.60000000e-01,1.59154098e+00,2.60000000e-01,1.39832140e+00,2.60000000e-01,1.59092420e+00,2.60000000e-01,1.35061463e+00,
2.70000000e-01,1.82705053e+00,2.70000000e-01,1.82681749e+00,2.70000000e-01,1.95618161e+00,2.70000000e-01,1.39375042e+00,2.70000000e-01,1.58323422e+00,2.70000000e-01,1.39359788e+00,2.70000000e-01,1.58260581e+00,2.70000000e-01,1.34267625e+00,
2.80000000e-01,1.82427562e+00,2.80000000e-01,1.82404351e+00,2.80000000e-01,1.95288026e+00,2.80000000e-01,1.38896770e+00,2.80000000e-01,1.57468815e+00,2.80000000e-01,1.38881552e+00,2.80000000e-01,1.57404753e+00,2.80000000e-01,1.33467348e+00,
2.90000000e-01,1.82145351e+00,2.90000000e-01,1.82122234e+00,2.90000000e-01,1.94950457e+00,2.90000000e-01,1.38412791e+00,2.90000000e-01,1.56589494e+00,2.90000000e-01,1.38397611e+00,2.90000000e-01,1.56524155e+00,2.90000000e-01,1.32662426e+00,
3.00000000e-01,1.81858287e+00,3.00000000e-01,1.81835266e+00,3.00000000e-01,1.94605187e+00,3.00000000e-01,1.37923346e+00,3.00000000e-01,1.55684721e+00,3.00000000e-01,1.37908208e+00,3.00000000e-01,1.55618053e+00,3.00000000e-01,1.31854953e+00,
3.10000000e-01,1.81566233e+00,3.10000000e-01,1.81543307e+00,3.10000000e-01,1.94251931e+00,3.10000000e-01,1.37428746e+00,3.10000000e-01,1.54753838e+00,3.10000000e-01,1.37413655e+00,3.10000000e-01,1.54685790e+00,3.10000000e-01,1.31047293e+00,
3.20000000e-01,1.81269043e+00,3.20000000e-01,1.81246215e+00,3.20000000e-01,1.93890392e+00,3.20000000e-01,1.36929378e+00,3.20000000e-01,1.53796309e+00,3.20000000e-01,1.36914338e+00,3.20000000e-01,1.53726838e+00,3.20000000e-01,1.30242032e+00,
3.30000000e-01,1.80966568e+00,3.30000000e-01,1.80943839e+00,3.30000000e-01,1.93520258e+00,3.30000000e-01,1.36425705e+00,3.30000000e-01,1.52811780e+00,3.30000000e-01,1.36410723e+00,3.30000000e-01,1.52740851e+00,3.30000000e-01,1.29441902e+00,
3.40000000e-01,1.80658652e+00,3.40000000e-01,1.80636024e+00,3.40000000e-01,1.93141200e+00,3.40000000e-01,1.35918277e+00,3.40000000e-01,1.51800138e+00,3.40000000e-01,1.35903359e+00,3.40000000e-01,1.51727729e+00,3.40000000e-01,1.28649701e+00,
3.50000000e-01,1.80345133e+00,3.50000000e-01,1.80322607e+00,3.50000000e-01,1.92752871e+00,3.50000000e-01,1.35407722e+00,3.50000000e-01,1.50761607e+00,3.50000000e-01,1.35392875e+00,3.50000000e-01,1.50687710e+00,3.50000000e-01,1.27868208e+00,
3.60000000e-01,1.80025842e+00,3.60000000e-01,1.80003418e+00,3.60000000e-01,1.92354908e+00,3.60000000e-01,1.34894744e+00,3.60000000e-01,1.49696865e+00,3.60000000e-01,1.34879976e+00,3.60000000e-01,1.49621496e+00,3.60000000e-01,1.27100111e+00,
3.70000000e-01,1.79700601e+00,3.70000000e-01,1.79678282e+00,3.70000000e-01,1.91946928e+00,3.70000000e-01,1.34380113e+00,3.70000000e-01,1.48607174e+00,3.70000000e-01,1.34365433e+00,3.70000000e-01,1.48530376e+00,3.70000000e-01,1.26347947e+00,
3.80000000e-01,1.79369227e+00,3.80000000e-01,1.79347015e+00,3.80000000e-01,1.91528527e+00,3.80000000e-01,1.33864653e+00,3.80000000e-01,1.47494532e+00,3.80000000e-01,1.33850069e+00,3.80000000e-01,1.47416382e+00,3.80000000e-01,1.25614067e+00,
3.90000000e-01,1.79031528e+00,3.90000000e-01,1.79009424e+00,3.90000000e-01,1.91099279e+00,3.90000000e-01,1.33349224e+00,3.90000000e-01,1.46361823e+00,3.90000000e-01,1.33334747e+00,3.90000000e-01,1.46282441e+00,3.90000000e-01,1.24900612e+00,
4.00000000e-01,1.78687304e+00,4.00000000e-01,1.78665309e+00,4.00000000e-01,1.90658735e+00,4.00000000e-01,1.32834710e+00,4.00000000e-01,1.45212965e+00,4.00000000e-01,1.32820348e+00,4.00000000e-01,1.45132519e+00,4.00000000e-01,1.24209509e+00,
4.10000000e-01,1.78336345e+00,4.10000000e-01,1.78314462e+00,4.10000000e-01,1.90206422e+00,4.10000000e-01,1.32321998e+00,4.10000000e-01,1.44052981e+00,4.10000000e-01,1.32307761e+00,4.10000000e-01,1.43971693e+00,4.10000000e-01,1.23542477e+00,
4.20000000e-01,1.77978433e+00,4.20000000e-01,1.77956663e+00,4.20000000e-01,1.89741840e+00,4.20000000e-01,1.31811964e+00,4.20000000e-01,1.42887967e+00,4.20000000e-01,1.31797862e+00,4.20000000e-01,1.42806108e+00,4.20000000e-01,1.22901034e+00,
4.30000000e-01,1.77613339e+00,4.30000000e-01,1.77591685e+00,4.30000000e-01,1.89264463e+00,4.30000000e-01,1.31305464e+00,4.30000000e-01,1.41724889e+00,4.30000000e-01,1.31291506e+00,4.30000000e-01,1.41642773e+00,4.30000000e-01,1.22286515e+00,
4.40000000e-01,1.77240825e+00,4.40000000e-01,1.77219288e+00,4.40000000e-01,1.88773735e+00,4.40000000e-01,1.30803320e+00,4.40000000e-01,1.40571200e+00,4.40000000e-01,1.30789515e+00,4.40000000e-01,1.40489164e+00,4.40000000e-01,1.21700082e+00,
4.50000000e-01,1.76860639e+00,4.50000000e-01,1.76839221e+00,4.50000000e-01,1.88269067e+00,4.50000000e-01,1.30306320e+00,4.50000000e-01,1.39434306e+00,4.50000000e-01,1.30292677e+00,4.50000000e-01,1.39352692e+00,4.50000000e-01,1.21142738e+00,
4.60000000e-01,1.76472519e+00,4.60000000e-01,1.76451223e+00,4.60000000e-01,1.87749839e+00,4.60000000e-01,1.29815211e+00,4.60000000e-01,1.38320994e+00,4.60000000e-01,1.29801739e+00,4.60000000e-01,1.38240124e+00,4.60000000e-01,1.20615336e+00,
4.70000000e-01,1.76076190e+00,4.70000000e-01,1.76055018e+00,4.70000000e-01,1.87215398e+00,4.70000000e-01,1.29330701e+00,4.70000000e-01,1.37236944e+00,4.70000000e-01,1.29317407e+00,4.70000000e-01,1.37157100e+00,4.70000000e-01,1.20118591e+00,
4.80000000e-01,1.75671363e+00,4.80000000e-01,1.75650317e+00,4.80000000e-01,1.86665053e+00,4.80000000e-01,1.28853461e+00,4.80000000e-01,1.36186430e+00,4.80000000e-01,1.28840354e+00,4.80000000e-01,1.36107845e+00,4.80000000e-01,1.19653080e+00,
4.90000000e-01,1.75257731e+00,4.90000000e-01,1.75236815e+00,4.90000000e-01,1.86098074e+00,4.90000000e-01,1.28384130e+00,4.90000000e-01,1.35172261e+00,4.90000000e-01,1.28371217e+00,4.90000000e-01,1.35095113e+00,4.90000000e-01,1.19219252e+00,
5.00000000e-01,1.74834975e+00,5.00000000e-01,1.74814190e+00,5.00000000e-01,1.85513694e+00,5.00000000e-01,1.27923314e+00,5.00000000e-01,1.34195927e+00,5.00000000e-01,1.27910603e+00,5.00000000e-01,1.34120349e+00,5.00000000e-01,1.18817426e+00,
5.10000000e-01,1.74402754e+00,5.10000000e-01,1.74382104e+00,5.10000000e-01,1.84911103e+00,5.10000000e-01,1.27471598e+00,5.10000000e-01,1.33257892e+00,5.10000000e-01,1.27459097e+00,5.10000000e-01,1.33183978e+00,5.10000000e-01,1.18447794e+00,
5.20000000e-01,1.73960710e+00,5.20000000e-01,1.73940197e+00,5.20000000e-01,1.84289454e+00,5.20000000e-01,1.27029543e+00,5.20000000e-01,1.32357935e+00,5.20000000e-01,1.27017259e+00,5.20000000e-01,1.32285750e+00,5.20000000e-01,1.18110421e+00,
5.30000000e-01,1.73508461e+00,5.30000000e-01,1.73488089e+00,5.30000000e-01,1.83647857e+00,5.30000000e-01,1.26597696e+00,5.30000000e-01,1.31495471e+00,5.30000000e-01,1.26585636e+00,5.30000000e-01,1.31425065e+00,5.30000000e-01,1.17805240e+00,
5.40000000e-01,1.73045603e+00,5.40000000e-01,1.73025376e+00,5.40000000e-01,1.82985382e+00,5.40000000e-01,1.26176591e+00,5.40000000e-01,1.30669803e+00,5.40000000e-01,1.26164761e+00,5.40000000e-01,1.30601216e+00,5.40000000e-01,1.17532057e+00,
5.50000000e-01,1.72571705e+00,5.50000000e-01,1.72551625e+00,5.50000000e-01,1.82301067e+00,5.50000000e-01,1.25766751e+00,5.50000000e-01,1.29880276e+00,5.50000000e-01,1.25755158e+00,5.50000000e-01,1.29813544e+00,5.50000000e-01,1.17290539e+00,
5.60000000e-01,1.72086307e+00,5.60000000e-01,1.72066380e+00,5.60000000e-01,1.81593920e+00,5.60000000e-01,1.25368693e+00,5.60000000e-01,1.29126359e+00,5.60000000e-01,1.25357344e+00,5.60000000e-01,1.29061516e+00,5.60000000e-01,1.17080219e+00,
5.70000000e-01,1.71588920e+00,5.70000000e-01,1.71569150e+00,5.70000000e-01,1.80862933e+00,5.70000000e-01,1.24982929e+00,5.70000000e-01,1.28407661e+00,5.70000000e-01,1.24971831e+00,5.70000000e-01,1.28344741e+00,5.70000000e-01,1.16900486e+00,
5.80000000e-01,1.71079022e+00,5.80000000e-01,1.71059414e+00,5.80000000e-01,1.80107094e+00,5.80000000e-01,1.24609969e+00,5.80000000e-01,1.27723923e+00,5.80000000e-01,1.24599127e+00,5.80000000e-01,1.27662954e+00,5.80000000e-01,1.16750584e+00,
5.90000000e-01,1.70556057e+00,5.90000000e-01,1.70536616e+00,5.90000000e-01,1.79325415e+00,5.90000000e-01,1.24250315e+00,5.90000000e-01,1.27074979e+00,5.90000000e-01,1.24239737e+00,5.90000000e-01,1.27015989e+00,5.90000000e-01,1.16629603e+00,
6.00000000e-01,1.70019438e+00,6.00000000e-01,1.70000170e+00,6.00000000e-01,1.78516962e+00,6.00000000e-01,1.23904470e+00,6.00000000e-01,1.26460731e+00,6.00000000e-01,1.23894160e+00,6.00000000e-01,1.26403743e+00,6.00000000e-01,1.16536477e+00,
6.10000000e-01,1.69468543e+00,6.10000000e-01,1.69449455e+00,6.10000000e-01,1.77680901e+00,6.10000000e-01,1.23572926e+00,6.10000000e-01,1.25881108e+00,6.10000000e-01,1.23562892e+00,6.10000000e-01,1.25826141e+00,6.10000000e-01,1.16469975e+00,
6.20000000e-01,1.68902728e+00,6.20000000e-01,1.68883827e+00,6.20000000e-01,1.76816559e+00,6.20000000e-01,1.23256167e+00,6.20000000e-01,1.25336037e+00,6.20000000e-01,1.23246414e+00,6.20000000e-01,1.25283105e+00,6.20000000e-01,1.16428698e+00,
6.30000000e-01,1.68321327e+00,6.30000000e-01,1.68302622e+00,6.30000000e-01,1.75923502e+00,6.30000000e-01,1.22954659e+00,6.30000000e-01,1.24825415e+00,6.30000000e-01,1.22945192e+00,6.30000000e-01,1.24774525e+00,6.30000000e-01,1.16411069e+00,
6.40000000e-01,1.67723674e+00,6.40000000e-01,1.67705174e+00,6.40000000e-01,1.75001632e+00,6.40000000e-01,1.22668844e+00,6.40000000e-01,1.24349075e+00,6.40000000e-01,1.22659667e+00,6.40000000e-01,1.24300227e+00,6.40000000e-01,1.16415336e+00,
6.50000000e-01,1.67109118e+00,6.50000000e-01,1.67090833e+00,6.50000000e-01,1.74051297e+00,6.50000000e-01,1.22399121e+00,6.50000000e-01,1.23906765e+00,6.50000000e-01,1.22390239e+00,6.50000000e-01,1.23859952e+00,6.50000000e-01,1.16439565e+00,
6.60000000e-01,1.66477051e+00,6.60000000e-01,1.66458994e+00,6.60000000e-01,1.73073415e+00,6.60000000e-01,1.22145836e+00,6.60000000e-01,1.23498111e+00,6.60000000e-01,1.22137252e+00,6.60000000e-01,1.23453318e+00,6.60000000e-01,1.16481652e+00,
6.70000000e-01,1.65826946e+00,6.70000000e-01,1.65809130e+00,6.70000000e-01,1.72069594e+00,6.70000000e-01,1.21909253e+00,6.70000000e-01,1.23122593e+00,6.70000000e-01,1.21900970e+00,6.70000000e-01,1.23079795e+00,6.70000000e-01,1.16539331e+00,
6.80000000e-01,1.65158394e+00,6.80000000e-01,1.65140835e+00,6.80000000e-01,1.71042227e+00,6.80000000e-01,1.21689532e+00,6.80000000e-01,1.22779502e+00,6.80000000e-01,1.21681550e+00,6.80000000e-01,1.22738668e+00,6.80000000e-01,1.16610200e+00,
6.90000000e-01,1.64471152e+00,6.90000000e-01,1.64453868e+00,6.90000000e-01,1.69994533e+00,6.90000000e-01,1.21486689e+00,6.90000000e-01,1.22467914e+00,6.90000000e-01,1.21479010e+00,6.90000000e-01,1.22429000e+00,6.90000000e-01,1.16691756e+00,
7.00000000e-01,1.63765190e+00,7.00000000e-01,1.63748200e+00,7.00000000e-01,1.68930519e+00,7.00000000e-01,1.21300571e+00,7.00000000e-01,1.22186647e+00,7.00000000e-01,1.21293192e+00,7.00000000e-01,1.22149601e+00,7.00000000e-01,1.16781459e+00,
7.10000000e-01,1.63040726e+00,7.10000000e-01,1.63024051e+00,7.10000000e-01,1.67854818e+00,7.10000000e-01,1.21130820e+00,7.10000000e-01,1.21934244e+00,7.10000000e-01,1.21123737e+00,7.10000000e-01,1.21899003e+00,7.10000000e-01,1.16876799e+00,
7.20000000e-01,1.62298248e+00,7.20000000e-01,1.62281912e+00,7.20000000e-01,1.66772413e+00,7.20000000e-01,1.20976857e+00,7.20000000e-01,1.21708953e+00,7.20000000e-01,1.20970067e+00,7.20000000e-01,1.21675450e+00,7.20000000e-01,1.16975399e+00,
7.30000000e-01,1.61538514e+00,7.30000000e-01,1.61522541e+00,7.30000000e-01,1.65688232e+00,7.30000000e-01,1.20837882e+00,7.30000000e-01,1.21508753e+00,7.30000000e-01,1.20831379e+00,7.30000000e-01,1.21476910e+00,7.30000000e-01,1.17075115e+00,
7.40000000e-01,1.60762526e+00,7.40000000e-01,1.60746938e+00,7.40000000e-01,1.64606712e+00,7.40000000e-01,1.20712894e+00,7.40000000e-01,1.21331393e+00,7.40000000e-01,1.20706669e+00,7.40000000e-01,1.21301129e+00,7.40000000e-01,1.17174129e+00,
7.50000000e-01,1.59971465e+00,7.50000000e-01,1.59956287e+00,7.50000000e-01,1.63531398e+00,7.50000000e-01,1.20600732e+00,7.50000000e-01,1.21174473e+00,7.50000000e-01,1.20594778e+00,7.50000000e-01,1.21145707e+00,7.50000000e-01,1.17271016e+00,
7.60000000e-01,1.59166626e+00,7.60000000e-01,1.59151879e+00,7.60000000e-01,1.62464699e+00,7.60000000e-01,1.20500143e+00,7.60000000e-01,1.21035548e+00,7.60000000e-01,1.20494451e+00,7.60000000e-01,1.21008200e+00,7.60000000e-01,1.17364758e+00,
7.70000000e-01,1.58349333e+00,7.70000000e-01,1.58335035e+00,7.70000000e-01,1.61407871e+00,7.70000000e-01,1.20409844e+00,7.70000000e-01,1.20912232e+00,7.70000000e-01,1.20404406e+00,7.70000000e-01,1.20886229e+00,7.70000000e-01,1.17454717e+00,
7.80000000e-01,1.57520866e+00,7.80000000e-01,1.57507034e+00,7.80000000e-01,1.60361185e+00,7.80000000e-01,1.20328588e+00,7.80000000e-01,1.20802296e+00,7.80000000e-01,1.20323394e+00,7.80000000e-01,1.20777569e+00,7.80000000e-01,1.17540572e+00,
7.90000000e-01,1.56682410e+00,7.90000000e-01,1.56669057e+00,7.90000000e-01,1.59324216e+00,7.90000000e-01,1.20255211e+00,7.90000000e-01,1.20703733e+00,7.90000000e-01,1.20250255e+00,7.90000000e-01,1.20680220e+00,7.90000000e-01,1.17622237e+00,
8.00000000e-01,1.55835021e+00,8.00000000e-01,1.55822159e+00,8.00000000e-01,1.58296130e+00,8.00000000e-01,1.20188665e+00,8.00000000e-01,1.20614793e+00,8.00000000e-01,1.20183939e+00,8.00000000e-01,1.20592441e+00,8.00000000e-01,1.17699790e+00,
8.10000000e-01,1.54979616e+00,8.10000000e-01,1.54967251e+00,8.10000000e-01,1.57275905e+00,8.10000000e-01,1.20128031e+00,8.10000000e-01,1.20533989e+00,8.10000000e-01,1.20123529e+00,8.10000000e-01,1.20512750e+00,8.10000000e-01,1.17773410e+00,
8.20000000e-01,1.54116969e+00,8.20000000e-01,1.54105106e+00,8.20000000e-01,1.56262489e+00,8.20000000e-01,1.20072518e+00,8.20000000e-01,1.20460079e+00,8.20000000e-01,1.20068234e+00,8.20000000e-01,1.20439913e+00,8.20000000e-01,1.17843328e+00,
8.30000000e-01,1.53247731e+00,8.30000000e-01,1.53236372e+00,8.30000000e-01,1.55254877e+00,8.30000000e-01,1.20021456e+00,8.30000000e-01,1.20392042e+00,8.30000000e-01,1.20017384e+00,8.30000000e-01,1.20372911e+00,8.30000000e-01,1.17909801e+00,
8.40000000e-01,1.52372420e+00,8.40000000e-01,1.52361567e+00,8.40000000e-01,1.54252153e+00,8.40000000e-01,1.19974281e+00,8.40000000e-01,1.20329041e+00,8.40000000e-01,1.19970415e+00,8.40000000e-01,1.20310911e+00,8.40000000e-01,1.17973086e+00,
8.50000000e-01,1.51491472e+00,8.50000000e-01,1.51481124e+00,8.50000000e-01,1.53253503e+00,8.50000000e-01,1.19930517e+00,8.50000000e-01,1.20270390e+00,8.50000000e-01,1.19926853e+00,8.50000000e-01,1.20253232e+00,8.50000000e-01,1.18033430e+00,
8.60000000e-01,1.50605255e+00,8.60000000e-01,1.50595408e+00,8.60000000e-01,1.52258187e+00,8.60000000e-01,1.19889769e+00,8.60000000e-01,1.20215529e+00,8.60000000e-01,1.19886302e+00,8.60000000e-01,1.20199313e+00,8.60000000e-01,1.18091064e+00,
8.70000000e-01,1.49714078e+00,8.70000000e-01,1.49704728e+00,8.70000000e-01,1.51265566e+00,8.70000000e-01,1.19851702e+00,8.70000000e-01,1.20163996e+00,8.70000000e-01,1.19848426e+00,8.70000000e-01,1.20148696e+00,8.70000000e-01,1.18146198e+00,
8.80000000e-01,1.48818200e+00,8.80000000e-01,1.48809344e+00,8.80000000e-01,1.50275097e+00,8.80000000e-01,1.19816033e+00,8.80000000e-01,1.20115408e+00,8.80000000e-01,1.19812945e+00,8.80000000e-01,1.20100999e+00,8.80000000e-01,1.18199022e+00,
8.90000000e-01,1.47917847e+00,8.90000000e-01,1.47909477e+00,8.90000000e-01,1.49286311e+00,8.90000000e-01,1.19782521e+00,8.90000000e-01,1.20069446e+00,8.90000000e-01,1.19779615e+00,8.90000000e-01,1.20055902e+00,8.90000000e-01,1.18249709e+00,
9.00000000e-01,1.47013212e+00,9.00000000e-01,1.47005323e+00,9.00000000e-01,1.48298802e+00,9.00000000e-01,1.19750957e+00,9.00000000e-01,1.20025839e+00,9.00000000e-01,1.19748229e+00,9.00000000e-01,1.20013135e+00,9.00000000e-01,1.18298411e+00,
9.10000000e-01,1.46104469e+00,9.10000000e-01,1.46097051e+00,9.10000000e-01,1.47312219e+00,9.10000000e-01,1.19721162e+00,9.10000000e-01,1.19984355e+00,9.10000000e-01,1.19718607e+00,9.10000000e-01,1.19972468e+00,9.10000000e-01,1.18345264e+00,
9.20000000e-01,1.45191771e+00,9.20000000e-01,1.45184817e+00,9.20000000e-01,1.46326257e+00,9.20000000e-01,1.19692977e+00,9.20000000e-01,1.19944796e+00,9.20000000e-01,1.19690591e+00,9.20000000e-01,1.19933700e+00,9.20000000e-01,1.18390393e+00,
9.30000000e-01,1.44275259e+00,9.30000000e-01,1.44268759e+00,9.30000000e-01,1.45340653e+00,9.30000000e-01,1.19666264e+00,9.30000000e-01,1.19906987e+00,9.30000000e-01,1.19664040e+00,9.30000000e-01,1.19896657e+00,9.30000000e-01,1.18433906e+00,
9.40000000e-01,1.43355062e+00,9.40000000e-01,1.43349007e+00,9.40000000e-01,1.44355178e+00,9.40000000e-01,1.19640896e+00,9.40000000e-01,1.19870774e+00,9.40000000e-01,1.19638832e+00,9.40000000e-01,1.19861187e+00,9.40000000e-01,1.18475903e+00,
9.50000000e-01,1.42431303e+00,9.50000000e-01,1.42425681e+00,9.50000000e-01,1.43369632e+00,9.50000000e-01,1.19616763e+00,9.50000000e-01,1.19836021e+00,9.50000000e-01,1.19614852e+00,9.50000000e-01,1.19827152e+00,9.50000000e-01,1.18516472e+00,
9.60000000e-01,1.41504093e+00,9.60000000e-01,1.41498893e+00,9.60000000e-01,1.42383844e+00,9.60000000e-01,1.19593762e+00,9.60000000e-01,1.19802606e+00,9.60000000e-01,1.19591999e+00,9.60000000e-01,1.19794429e+00,9.60000000e-01,1.18555697e+00,
9.70000000e-01,1.40573541e+00,9.70000000e-01,1.40568751e+00,9.70000000e-01,1.41397661e+00,9.70000000e-01,1.19571799e+00,9.70000000e-01,1.19770416e+00,9.70000000e-01,1.19570180e+00,9.70000000e-01,1.19762907e+00,9.70000000e-01,1.18593650e+00,
9.80000000e-01,1.39639750e+00,9.80000000e-01,1.39635356e+00,9.80000000e-01,1.40410951e+00,9.80000000e-01,1.19550789e+00,9.80000000e-01,1.19739352e+00,9.80000000e-01,1.19549309e+00,9.80000000e-01,1.19732484e+00,9.80000000e-01,1.18630400e+00,
9.90000000e-01,1.38702818e+00,9.90000000e-01,1.38698807e+00,9.90000000e-01,1.39423597e+00,9.90000000e-01,1.19530653e+00,9.90000000e-01,1.19709320e+00,9.90000000e-01,1.19529305e+00,9.90000000e-01,1.19703067e+00,9.90000000e-01,1.18666009e+00,
1.00000000e+00,1.37762839e+00,1.00000000e+00,1.37759198e+00,1.00000000e+00,1.38435498e+00,1.00000000e+00,1.19511315e+00,1.00000000e+00,1.19680232e+00,1.00000000e+00,1.19510094e+00,1.00000000e+00,1.19674569e+00,1.00000000e+00,1.18700537e+00,
1.01000000e+00,1.36819905e+00,1.01000000e+00,1.36816618e+00,1.01000000e+00,1.37446561e+00,1.01000000e+00,1.19492706e+00,1.01000000e+00,1.19652010e+00,1.01000000e+00,1.19491607e+00,1.01000000e+00,1.19646908e+00,1.01000000e+00,1.18734037e+00,
1.02000000e+00,1.35874103e+00,1.02000000e+00,1.35871156e+00,1.02000000e+00,1.36456707e+00,1.02000000e+00,1.19474760e+00,1.02000000e+00,1.19624577e+00,1.02000000e+00,1.19473777e+00,1.02000000e+00,1.19620010e+00,1.02000000e+00,1.18766561e+00,
1.03000000e+00,1.34925517e+00,1.03000000e+00,1.34922894e+00,1.03000000e+00,1.35465862e+00,1.03000000e+00,1.19457414e+00,1.03000000e+00,1.19597862e+00,1.03000000e+00,1.19456541e+00,1.03000000e+00,1.19593803e+00,1.03000000e+00,1.18798158e+00,
1.04000000e+00,1.33974230e+00,1.04000000e+00,1.33971915e+00,1.04000000e+00,1.34473961e+00,1.04000000e+00,1.19440609e+00,1.04000000e+00,1.19571798e+00,1.04000000e+00,1.19439840e+00,1.04000000e+00,1.19568219e+00,1.04000000e+00,1.18828872e+00,
1.05000000e+00,1.33020321e+00,1.05000000e+00,1.33018296e+00,1.05000000e+00,1.33480944e+00,1.05000000e+00,1.19424288e+00,1.05000000e+00,1.19546322e+00,1.05000000e+00,1.19423617e+00,1.05000000e+00,1.19543193e+00,1.05000000e+00,1.18858749e+00,
1.06000000e+00,1.32063865e+00,1.06000000e+00,1.32062114e+00,1.06000000e+00,1.32486756e+00,1.06000000e+00,1.19408397e+00,1.06000000e+00,1.19521372e+00,1.06000000e+00,1.19407817e+00,1.06000000e+00,1.19518666e+00,1.06000000e+00,1.18887830e+00,
1.07000000e+00,1.31104937e+00,1.07000000e+00,1.31103441e+00,1.07000000e+00,1.31491345e+00,1.07000000e+00,1.19392882e+00,1.07000000e+00,1.19496890e+00,1.07000000e+00,1.19392388e+00,1.07000000e+00,1.19494576e+00,1.07000000e+00,1.18916157e+00,
1.08000000e+00,1.30143606e+00,1.08000000e+00,1.30142348e+00,1.08000000e+00,1.30494664e+00,1.08000000e+00,1.19377693e+00,1.08000000e+00,1.19472820e+00,1.08000000e+00,1.19377279e+00,1.08000000e+00,1.19470869e+00,1.08000000e+00,1.18943769e+00,
1.09000000e+00,1.29179941e+00,1.09000000e+00,1.29178902e+00,1.09000000e+00,1.29496665e+00,1.09000000e+00,1.19362782e+00,1.09000000e+00,1.19449107e+00,1.09000000e+00,1.19362440e+00,1.09000000e+00,1.19447490e+00,1.09000000e+00,1.18970704e+00,
1.10000000e+00,1.28214008e+00,1.10000000e+00,1.28213168e+00,1.10000000e+00,1.28497305e+00,1.10000000e+00,1.19348099e+00,1.10000000e+00,1.19425699e+00,1.10000000e+00,1.19347824e+00,1.10000000e+00,1.19424385e+00,1.10000000e+00,1.18997001e+00,
1.11000000e+00,1.27245870e+00,1.11000000e+00,1.27245210e+00,1.11000000e+00,1.27496540e+00,1.11000000e+00,1.19333600e+00,1.11000000e+00,1.19402545e+00,1.11000000e+00,1.19333384e+00,1.11000000e+00,1.19401504e+00,1.11000000e+00,1.19022697e+00,
1.12000000e+00,1.26275587e+00,1.12000000e+00,1.26275087e+00,1.12000000e+00,1.26494328e+00,1.12000000e+00,1.19319238e+00,1.12000000e+00,1.19379595e+00,1.12000000e+00,1.19319075e+00,1.12000000e+00,1.19378796e+00,1.12000000e+00,1.19047828e+00,
1.13000000e+00,1.25303217e+00,1.13000000e+00,1.25302857e+00,1.13000000e+00,1.25490625e+00,1.13000000e+00,1.19304969e+00,1.13000000e+00,1.19356801e+00,1.13000000e+00,1.19304853e+00,1.13000000e+00,1.19356213e+00,1.13000000e+00,1.19072432e+00,
1.14000000e+00,1.24328818e+00,1.14000000e+00,1.24328577e+00,1.14000000e+00,1.24485390e+00,1.14000000e+00,1.19290751e+00,1.14000000e+00,1.19334116e+00,1.14000000e+00,1.19290673e+00,1.14000000e+00,1.19333707e+00,1.14000000e+00,1.19096544e+00,
1.15000000e+00,1.23352442e+00,1.15000000e+00,1.23352299e+00,1.15000000e+00,1.23478578e+00,1.15000000e+00,1.19276539e+00,1.15000000e+00,1.19311492e+00,1.15000000e+00,1.19276494e+00,1.15000000e+00,1.19311231e+00,1.15000000e+00,1.19120201e+00,
1.16000000e+00,1.22374141e+00,1.16000000e+00,1.22374075e+00,1.16000000e+00,1.22470145e+00,1.16000000e+00,1.19262292e+00,1.16000000e+00,1.19288883e+00,1.16000000e+00,1.19262273e+00,1.16000000e+00,1.19288739e+00,1.16000000e+00,1.19143440e+00,
1.17000000e+00,1.21393965e+00,1.17000000e+00,1.21393955e+00,1.17000000e+00,1.21460046e+00,1.17000000e+00,1.19247968e+00,1.17000000e+00,1.19266245e+00,1.17000000e+00,1.19247967e+00,1.17000000e+00,1.19266185e+00,1.17000000e+00,1.19166297e+00,
1.18000000e+00,1.20411962e+00,1.18000000e+00,1.20411985e+00,1.18000000e+00,1.20448233e+00,1.18000000e+00,1.19233526e+00,1.18000000e+00,1.19243532e+00,1.18000000e+00,1.19233537e+00,1.18000000e+00,1.19243525e+00,1.18000000e+00,1.19188808e+00,
1.19000000e+00,1.19428177e+00,1.19000000e+00,1.19428212e+00,1.19000000e+00,1.19434657e+00,1.19000000e+00,1.19218925e+00,1.19000000e+00,1.19220700e+00,1.19000000e+00,1.19218941e+00,1.19000000e+00,1.19220712e+00,1.19000000e+00,1.19211013e+00,
1.20000000e+00,1.18442655e+00,1.20000000e+00,1.18442680e+00,1.20000000e+00,1.18419267e+00,1.20000000e+00,1.19204124e+00,1.20000000e+00,1.19197703e+00,1.20000000e+00,1.19204138e+00,1.20000000e+00,1.19197704e+00,1.20000000e+00,1.19232947e+00,
1.21000000e+00,1.17455438e+00,1.21000000e+00,1.17455432e+00,1.21000000e+00,1.17402010e+00,1.21000000e+00,1.19189083e+00,1.21000000e+00,1.19174498e+00,1.21000000e+00,1.19189087e+00,1.21000000e+00,1.19174454e+00,1.21000000e+00,1.19254650e+00,
1.22000000e+00,1.16466570e+00,1.22000000e+00,1.16466509e+00,1.22000000e+00,1.16382829e+00,1.22000000e+00,1.19173761e+00,1.22000000e+00,1.19151039e+00,1.22000000e+00,1.19173749e+00,1.22000000e+00,1.19150919e+00,1.22000000e+00,1.19276161e+00,
1.23000000e+00,1.15476089e+00,1.23000000e+00,1.15475952e+00,1.23000000e+00,1.15361667e+00,1.23000000e+00,1.19158117e+00,1.23000000e+00,1.19127282e+00,1.23000000e+00,1.19158081e+00,1.23000000e+00,1.19127053e+00,1.23000000e+00,1.19297520e+00,
1.24000000e+00,1.14484036e+00,1.24000000e+00,1.14483800e+00,1.24000000e+00,1.14338461e+00,1.24000000e+00,1.19142109e+00,1.24000000e+00,1.19103182e+00,1.24000000e+00,1.19142042e+00,1.24000000e+00,1.19102811e+00,1.24000000e+00,1.19318766e+00,
1.25000000e+00,1.13490449e+00,1.25000000e+00,1.13490092e+00,1.25000000e+00,1.13313148e+00,1.25000000e+00,1.19125697e+00,1.25000000e+00,1.19078691e+00,1.25000000e+00,1.19125592e+00,1.25000000e+00,1.19078147e+00,1.25000000e+00,1.19339943e+00,
1.26000000e+00,1.12495368e+00,1.26000000e+00,1.12494868e+00,1.26000000e+00,1.12285658e+00,1.26000000e+00,1.19108837e+00,1.26000000e+00,1.19053765e+00,1.26000000e+00,1.19108688e+00,1.26000000e+00,1.19053014e+00,1.26000000e+00,1.19361093e+00,
1.27000000e+00,1.11498831e+00,1.27000000e+00,1.11498165e+00,1.27000000e+00,1.11255921e+00,1.27000000e+00,1.19091488e+00,1.27000000e+00,1.19028354e+00,1.27000000e+00,1.19091286e+00,1.27000000e+00,1.19027365e+00,1.27000000e+00,1.19382259e+00,
1.28000000e+00,1.10500877e+00,1.28000000e+00,1.10500024e+00,1.28000000e+00,1.10223861e+00,1.28000000e+00,1.19073604e+00,1.28000000e+00,1.19002409e+00,1.28000000e+00,1.19073344e+00,1.28000000e+00,1.19001151e+00,1.28000000e+00,1.19403487e+00,
1.29000000e+00,1.09501547e+00,1.29000000e+00,1.09500484e+00,1.29000000e+00,1.09189399e+00,1.29000000e+00,1.19055142e+00,1.29000000e+00,1.18975882e+00,1.29000000e+00,1.19054815e+00,1.29000000e+00,1.18974321e+00,1.29000000e+00,1.19424823e+00,
1.30000000e+00,1.08500880e+00,1.30000000e+00,1.08499587e+00,1.30000000e+00,1.08152453e+00,1.30000000e+00,1.19036054e+00,1.30000000e+00,1.18948718e+00,1.30000000e+00,1.19035655e+00,1.30000000e+00,1.18946824e+00,1.30000000e+00,1.19446315e+00,
1.31000000e+00,1.07498922e+00,1.31000000e+00,1.07497376e+00,1.31000000e+00,1.07112935e+00,1.31000000e+00,1.19016293e+00,1.31000000e+00,1.18920865e+00,1.31000000e+00,1.19015815e+00,1.31000000e+00,1.18918606e+00,1.31000000e+00,1.19468013e+00,
1.32000000e+00,1.06495716e+00,1.32000000e+00,1.06493896e+00,1.32000000e+00,1.06070753e+00,1.32000000e+00,1.18995810e+00,1.32000000e+00,1.18892267e+00,1.32000000e+00,1.18995245e+00,1.32000000e+00,1.18889611e+00,1.32000000e+00,1.19489968e+00,
1.33000000e+00,1.05491312e+00,1.33000000e+00,1.05489197e+00,1.33000000e+00,1.05025811e+00,1.33000000e+00,1.18974553e+00,1.33000000e+00,1.18862863e+00,1.33000000e+00,1.18973895e+00,1.33000000e+00,1.18859779e+00,1.33000000e+00,1.19512233e+00,
1.34000000e+00,1.04485762e+00,1.34000000e+00,1.04483332e+00,1.34000000e+00,1.03978009e+00,1.34000000e+00,1.18952466e+00,1.34000000e+00,1.18832592e+00,1.34000000e+00,1.18951708e+00,1.34000000e+00,1.18829049e+00,1.34000000e+00,1.19534863e+00,
1.35000000e+00,1.03479125e+00,1.35000000e+00,1.03476359e+00,1.35000000e+00,1.02927241e+00,1.35000000e+00,1.18929493e+00,1.35000000e+00,1.18801388e+00,1.35000000e+00,1.18928629e+00,1.35000000e+00,1.18797356e+00,1.35000000e+00,1.19557916e+00,
1.36000000e+00,1.02471463e+00,1.36000000e+00,1.02468341e+00,1.36000000e+00,1.01873397e+00,1.36000000e+00,1.18905574e+00,1.36000000e+00,1.18769180e+00,1.36000000e+00,1.18904597e+00,1.36000000e+00,1.18764628e+00,1.36000000e+00,1.19581450e+00,
1.37000000e+00,1.01462849e+00,1.37000000e+00,1.01459352e+00,1.37000000e+00,1.00816361e+00,1.37000000e+00,1.18880643e+00,1.37000000e+00,1.18735895e+00,1.37000000e+00,1.18879546e+00,1.37000000e+00,1.18730793e+00,1.37000000e+00,1.19605529e+00,
1.38000000e+00,1.00453363e+00,1.38000000e+00,1.00449471e+00,1.38000000e+00,9.97560147e-01,1.38000000e+00,1.18854632e+00,1.38000000e+00,1.18701450e+00,1.38000000e+00,1.18853409e+00,1.38000000e+00,1.18695768e+00,1.38000000e+00,1.19630217e+00,
1.39000000e+00,9.94430952e-01,1.39000000e+00,9.94387895e-01,1.39000000e+00,9.86922320e-01,1.39000000e+00,1.18827466e+00,1.39000000e+00,1.18665759e+00,1.39000000e+00,1.18826111e+00,1.39000000e+00,1.18659466e+00,1.39000000e+00,1.19655583e+00,
1.40000000e+00,9.84321500e-01,1.40000000e+00,9.84274126e-01,1.40000000e+00,9.76248829e-01,1.40000000e+00,1.18799064e+00,1.40000000e+00,1.18628726e+00,1.40000000e+00,1.18797570e+00,1.40000000e+00,1.18621792e+00,1.40000000e+00,1.19681697e+00,
1.41000000e+00,9.74206458e-01,1.41000000e+00,9.74154592e-01,1.41000000e+00,9.65538325e-01,1.41000000e+00,1.18769337e+00,1.41000000e+00,1.18590245e+00,1.41000000e+00,1.18767699e+00,1.41000000e+00,1.18582642e+00,1.41000000e+00,1.19708635e+00,
1.42000000e+00,9.64087192e-01,1.42000000e+00,9.64030664e-01,1.42000000e+00,9.54789409e-01,1.42000000e+00,1.18738190e+00,1.42000000e+00,1.18550202e+00,1.42000000e+00,1.18736400e+00,1.42000000e+00,1.18541898e+00,1.42000000e+00,1.19736475e+00,
1.43000000e+00,9.53965277e-01,1.43000000e+00,9.53903925e-01,1.43000000e+00,9.44000631e-01,1.43000000e+00,1.18705515e+00,1.43000000e+00,1.18508466e+00,1.43000000e+00,1.18703567e+00,1.43000000e+00,1.18499433e+00,1.43000000e+00,1.19765300e+00,
1.44000000e+00,9.43842535e-01,1.44000000e+00,9.43776204e-01,1.44000000e+00,9.33170493e-01,1.44000000e+00,1.18671192e+00,1.44000000e+00,1.18464892e+00,1.44000000e+00,1.18669081e+00,1.44000000e+00,1.18455100e+00,1.44000000e+00,1.19795198e+00,
1.45000000e+00,9.33721079e-01,1.45000000e+00,9.33649624e-01,1.45000000e+00,9.22297451e-01,1.45000000e+00,1.18635087e+00,1.45000000e+00,1.18419315e+00,1.45000000e+00,1.18632807e+00,1.45000000e+00,1.18408735e+00,1.45000000e+00,1.19826262e+00,
1.46000000e+00,9.23603367e-01,1.46000000e+00,9.23526652e-01,1.46000000e+00,9.11379912e-01,1.46000000e+00,1.18597049e+00,1.46000000e+00,1.18371549e+00,1.46000000e+00,1.18594594e+00,1.46000000e+00,1.18360149e+00,1.46000000e+00,1.19858589e+00,
1.47000000e+00,9.13492261e-01,1.47000000e+00,9.13410163e-01,1.47000000e+00,9.00416241e-01,1.47000000e+00,1.18556905e+00,1.47000000e+00,1.18321376e+00,1.47000000e+00,1.18554268e+00,1.47000000e+00,1.18309127e+00,1.47000000e+00,1.19892284e+00,
1.48000000e+00,9.03391103e-01,1.48000000e+00,9.03303512e-01,1.48000000e+00,8.89404763e-01,1.48000000e+00,1.18514456e+00,1.48000000e+00,1.18268545e+00,1.48000000e+00,1.18511631e+00,1.48000000e+00,1.18255415e+00,1.48000000e+00,1.19927455e+00,
1.49000000e+00,8.93303805e-01,1.49000000e+00,8.93210624e-01,1.49000000e+00,8.78343770e-01,1.49000000e+00,1.18469472e+00,1.49000000e+00,1.18212759e+00,1.49000000e+00,1.18466453e+00,1.49000000e+00,1.18198716e+00,1.49000000e+00,1.19964219e+00,
1.50000000e+00,8.83234956e-01,1.50000000e+00,8.83136107e-01,1.50000000e+00,8.67231540e-01,1.50000000e+00,1.18421683e+00,1.50000000e+00,1.18153668e+00,1.50000000e+00,1.18418464e+00,1.50000000e+00,1.18138677e+00,1.50000000e+00,1.20002696e+00,
1.51000000e+00,8.73189953e-01,1.51000000e+00,8.73085377e-01,1.51000000e+00,8.56066366e-01,1.51000000e+00,1.18370772e+00,1.51000000e+00,1.18090850e+00,1.51000000e+00,1.18367346e+00,1.51000000e+00,1.18074877e+00,1.51000000e+00,1.20043010e+00,
1.52000000e+00,8.63175161e-01,1.52000000e+00,8.63064824e-01,1.52000000e+00,8.44846615e-01,1.52000000e+00,1.18316362e+00,1.52000000e+00,1.18023795e+00,1.52000000e+00,1.18312722e+00,1.52000000e+00,1.18006800e+00,1.52000000e+00,1.20085285e+00,
1.53000000e+00,8.53198109e-01,1.53000000e+00,8.53082004e-01,1.53000000e+00,8.33570832e-01,1.53000000e+00,1.18258001e+00,1.53000000e+00,1.17951878e+00,1.53000000e+00,1.18254141e+00,1.53000000e+00,1.17933820e+00,1.53000000e+00,1.20129642e+00,
1.54000000e+00,8.43267794e-01,1.54000000e+00,8.43145950e-01,1.54000000e+00,8.22238016e-01,1.54000000e+00,1.18195149e+00,1.54000000e+00,1.17874330e+00,1.54000000e+00,1.18191059e+00,1.54000000e+00,1.17855162e+00,1.54000000e+00,1.20176183e+00,
1.55000000e+00,8.33395075e-01,1.55000000e+00,8.33267557e-01,1.55000000e+00,8.10848064e-01,1.55000000e+00,1.18127149e+00,1.55000000e+00,1.17790195e+00,1.55000000e+00,1.18122823e+00,1.55000000e+00,1.17769862e+00,1.55000000e+00,1.20224981e+00,
1.56000000e+00,8.23592503e-01,1.56000000e+00,8.23459422e-01,1.56000000e+00,7.99401810e-01,1.56000000e+00,1.18053213e+00,1.56000000e+00,1.17698279e+00,1.56000000e+00,1.18048639e+00,1.56000000e+00,1.17676720e+00,1.56000000e+00,1.20276054e+00,
1.57000000e+00,8.13874892e-01,1.57000000e+00,8.13736412e-01,1.57000000e+00,7.87902119e-01,1.57000000e+00,1.17972385e+00,1.57000000e+00,1.17597095e+00,1.57000000e+00,1.17967554e+00,1.57000000e+00,1.17574232e+00,1.57000000e+00,1.20329328e+00,
1.58000000e+00,8.04259616e-01,1.58000000e+00,8.04115960e-01,1.58000000e+00,7.76355061e-01,1.58000000e+00,1.17883531e+00,1.58000000e+00,1.17484796e+00,1.58000000e+00,1.17878429e+00,1.58000000e+00,1.17460542e+00,1.58000000e+00,1.20384584e+00,
1.59000000e+00,7.94766727e-01,1.59000000e+00,7.94618187e-01,1.59000000e+00,7.64771247e-01,1.59000000e+00,1.17785318e+00,1.59000000e+00,1.17359135e+00,1.59000000e+00,1.17779933e+00,1.59000000e+00,1.17333381e+00,1.59000000e+00,1.20441408e+00,
1.60000000e+00,7.85418769e-01,1.60000000e+00,7.85265704e-01,1.60000000e+00,7.53167020e-01,1.60000000e+00,1.17676233e+00,1.60000000e+00,1.17217448e+00,1.60000000e+00,1.17670549e+00,1.60000000e+00,1.17190066e+00,1.60000000e+00,1.20499127e+00,
1.61000000e+00,7.76240105e-01,1.61000000e+00,7.76082936e-01,1.61000000e+00,7.41564969e-01,1.61000000e+00,1.17554624e+00,1.61000000e+00,1.17056703e+00,1.61000000e+00,1.17548623e+00,1.61000000e+00,1.17027546e+00,1.61000000e+00,1.20556786e+00,
1.62000000e+00,7.67255650e-01,1.62000000e+00,7.67094848e-01,1.62000000e+00,7.29993373e-01,1.62000000e+00,1.17418792e+00,1.62000000e+00,1.16873648e+00,1.62000000e+00,1.17412457e+00,1.62000000e+00,1.16842554e+00,1.62000000e+00,1.20613151e+00,
1.63000000e+00,7.58489074e-01,1.63000000e+00,7.58325132e-01,1.63000000e+00,7.18484756e-01,1.63000000e+00,1.17267119e+00,1.63000000e+00,1.16665025e+00,1.63000000e+00,1.17260432e+00,1.63000000e+00,1.16631824e+00,1.63000000e+00,1.20666766e+00,
1.64000000e+00,7.49960802e-01,1.64000000e+00,7.49794209e-01,1.64000000e+00,7.07074217e-01,1.64000000e+00,1.17098212e+00,1.64000000e+00,1.16427829e+00,1.64000000e+00,1.17091157e+00,1.64000000e+00,1.16392351e+00,1.64000000e+00,1.20716026e+00,
1.65000000e+00,7.41686334e-01,1.65000000e+00,7.41517543e-01,1.65000000e+00,6.95798025e-01,1.65000000e+00,1.16911018e+00,1.65000000e+00,1.16159506e+00,1.65000000e+00,1.16903579e+00,1.65000000e+00,1.16121589e+00,1.65000000e+00,1.20759223e+00,
1.66000000e+00,7.33675316e-01,1.66000000e+00,7.33504730e-01,1.66000000e+00,6.84692425e-01,1.66000000e+00,1.16704884e+00,1.66000000e+00,1.15858056e+00,1.66000000e+00,1.16697052e+00,1.66000000e+00,1.15817552e+00,1.66000000e+00,1.20794564e+00,
1.67000000e+00,7.25931531e-01,1.67000000e+00,7.25759490e-01,1.67000000e+00,6.73792285e-01,1.67000000e+00,1.16479554e+00,1.67000000e+00,1.15522030e+00,1.67000000e+00,1.16471319e+00,1.67000000e+00,1.15478803e+00,1.67000000e+00,1.20820157e+00,
1.68000000e+00,7.18453603e-01,1.68000000e+00,7.18280382e-01,1.68000000e+00,6.63129516e-01,1.68000000e+00,1.16235103e+00,1.68000000e+00,1.15150441e+00,1.68000000e+00,1.16226459e+00,1.68000000e+00,1.15104370e+00,1.68000000e+00,1.20834007e+00,
1.69000000e+00,7.11236071e-01,1.69000000e+00,7.11061888e-01,1.69000000e+00,6.52731520e-01,1.69000000e+00,1.15971860e+00,1.69000000e+00,1.14742669e+00,1.69000000e+00,1.15962802e+00,1.69000000e+00,1.14693642e+00,1.69000000e+00,1.20834043e+00,
1.70000000e+00,7.04270539e-01,1.70000000e+00,7.04095562e-01,1.70000000e+00,6.42620020e-01,1.70000000e+00,1.15690317e+00,1.70000000e+00,1.14298349e+00,1.70000000e+00,1.15680844e+00,1.70000000e+00,1.14246266e+00,1.70000000e+00,1.20818156e+00,
1.71000000e+00,6.97546692e-01,1.71000000e+00,6.97371047e-01,1.71000000e+00,6.32810500e-01,1.71000000e+00,1.15391069e+00,1.71000000e+00,1.13817292e+00,1.71000000e+00,1.15381177e+00,1.71000000e+00,1.13762059e+00,1.71000000e+00,1.20784261e+00,
1.72000000e+00,6.91053114e-01,1.72000000e+00,6.90876896e-01,1.72000000e+00,6.23312276e-01,1.72000000e+00,1.15074753e+00,1.72000000e+00,1.13299417e+00,1.72000000e+00,1.15064441e+00,1.72000000e+00,1.13240946e+00,1.72000000e+00,1.20730344e+00,
1.73000000e+00,6.84777918e-01,1.73000000e+00,6.84601196e-01,1.73000000e+00,6.14129051e-01,1.73000000e+00,1.14742020e+00,1.73000000e+00,1.12744699e+00,1.73000000e+00,1.14731288e+00,1.73000000e+00,1.12682909e+00,1.73000000e+00,1.20654509e+00,
1.74000000e+00,6.78709195e-01,1.74000000e+00,6.78532021e-01,1.74000000e+00,6.05259780e-01,1.74000000e+00,1.14393514e+00,1.74000000e+00,1.12153136e+00,1.74000000e+00,1.14382361e+00,1.74000000e+00,1.12087948e+00,1.74000000e+00,1.20555007e+00,
1.75000000e+00,6.72835338e-01,1.75000000e+00,6.72657751e-01,1.75000000e+00,5.96699647e-01,1.75000000e+00,1.14029860e+00,1.75000000e+00,1.11524709e+00,1.75000000e+00,1.14018286e+00,1.75000000e+00,1.11456046e+00,1.75000000e+00,1.20430251e+00,
1.76000000e+00,6.67145255e-01,1.76000000e+00,6.66967288e-01,1.76000000e+00,5.88441028e-01,1.76000000e+00,1.13651663e+00,1.76000000e+00,1.10859354e+00,1.76000000e+00,1.13639667e+00,1.76000000e+00,1.10787143e+00,1.76000000e+00,1.20278830e+00,
1.77000000e+00,6.61628502e-01,1.77000000e+00,6.61450182e-01,1.77000000e+00,5.80474355e-01,1.77000000e+00,1.13259503e+00,1.77000000e+00,1.10156925e+00,1.77000000e+00,1.13247086e+00,1.77000000e+00,1.10081091e+00,1.77000000e+00,1.20099500e+00,
1.78000000e+00,6.56275350e-01,1.78000000e+00,6.56096701e-01,1.78000000e+00,5.72788829e-01,1.78000000e+00,1.12853945e+00,1.78000000e+00,1.09417157e+00,1.78000000e+00,1.12841106e+00,1.78000000e+00,1.09337623e+00,1.78000000e+00,1.19891192e+00,
1.79000000e+00,6.51076807e-01,1.79000000e+00,6.50897854e-01,1.79000000e+00,5.65372985e-01,1.79000000e+00,1.12435537e+00,1.79000000e+00,1.08639610e+00,1.79000000e+00,1.12422277e+00,1.79000000e+00,1.08556295e+00,1.79000000e+00,1.19653003e+00,
1.80000000e+00,6.46024609e-01,1.80000000e+00,6.45845377e-01,1.80000000e+00,5.58215113e-01,1.80000000e+00,1.12004817e+00,1.80000000e+00,1.07823621e+00,1.80000000e+00,1.11991136e+00,1.80000000e+00,1.07736434e+00,1.80000000e+00,1.19384190e+00,
1.81000000e+00,6.41111176e-01,1.81000000e+00,6.40931692e-01,1.81000000e+00,5.51303556e-01,1.81000000e+00,1.11562318e+00,1.81000000e+00,1.06968249e+00,1.81000000e+00,1.11548217e+00,1.81000000e+00,1.06877089e+00,1.81000000e+00,1.19084168e+00,
1.82000000e+00,6.36329569e-01,1.82000000e+00,6.36149859e-01,1.82000000e+00,5.44626911e-01,1.82000000e+00,1.11108570e+00,1.82000000e+00,1.06072266e+00,1.82000000e+00,1.11094051e+00,1.82000000e+00,1.05977025e+00,1.82000000e+00,1.18752504e+00,
1.83000000e+00,6.31673424e-01,1.83000000e+00,6.31493517e-01,1.83000000e+00,5.38174161e-01,1.83000000e+00,1.10644110e+00,1.83000000e+00,1.05134230e+00,1.83000000e+00,1.10629174e+00,1.83000000e+00,1.05034798e+00,1.83000000e+00,1.18388914e+00,
1.84000000e+00,6.27136901e-01,1.84000000e+00,6.26956825e-01,1.84000000e+00,5.31934743e-01,1.84000000e+00,1.10169482e+00,1.84000000e+00,1.04152695e+00,1.84000000e+00,1.10154130e+00,1.84000000e+00,1.04048982e+00,1.84000000e+00,1.17993258e+00,
1.85000000e+00,6.22714620e-01,1.85000000e+00,6.22534403e-01,1.85000000e+00,5.25898590e-01,1.85000000e+00,1.09685241e+00,1.85000000e+00,1.03126595e+00,1.85000000e+00,1.09669478e+00,1.85000000e+00,1.03018559e+00,1.85000000e+00,1.17565539e+00,
1.86000000e+00,6.18401611e-01,1.86000000e+00,6.18221281e-01,1.86000000e+00,5.20056143e-01,1.86000000e+00,1.09191965e+00,1.86000000e+00,1.02055751e+00,1.86000000e+00,1.09175793e+00,1.86000000e+00,1.01943439e+00,1.86000000e+00,1.17105901e+00,
1.87000000e+00,6.14193269e-01,1.87000000e+00,6.14012853e-01,1.87000000e+00,5.14398348e-01,1.87000000e+00,1.08690252e+00,1.87000000e+00,1.00941431e+00,1.87000000e+00,1.08673676e+00,1.87000000e+00,1.00825017e+00,1.87000000e+00,1.16614628e+00,
1.88000000e+00,6.10085311e-01,1.88000000e+00,6.09904835e-01,1.88000000e+00,5.08916641e-01,1.88000000e+00,1.08180734e+00,1.88000000e+00,9.97868227e-01,1.88000000e+00,1.08163760e+00,1.88000000e+00,9.96666409e-01,1.88000000e+00,1.16092146e+00,
1.89000000e+00,6.06073738e-01,1.89000000e+00,6.05893229e-01,1.89000000e+00,5.03602934e-01,1.89000000e+00,1.07664078e+00,1.89000000e+00,9.85973406e-01,1.89000000e+00,1.07646711e+00,1.89000000e+00,9.84739019e-01,1.89000000e+00,1.15539024e+00,
1.90000000e+00,6.02154812e-01,1.90000000e+00,6.01974293e-01,1.90000000e+00,4.98449587e-01,1.90000000e+00,1.07140995e+00,1.90000000e+00,9.73806305e-01,1.90000000e+00,1.07123242e+00,1.90000000e+00,9.72546134e-01,1.90000000e+00,1.14955979e+00,
1.91000000e+00,5.98325023e-01,1.91000000e+00,5.98144517e-01,1.91000000e+00,4.93449393e-01,1.91000000e+00,1.06612243e+00,1.91000000e+00,9.61461654e-01,1.91000000e+00,1.06594114e+00,1.91000000e+00,9.60183733e-01,1.91000000e+00,1.14343885e+00,
1.92000000e+00,5.94581068e-01,1.92000000e+00,5.94400597e-01,1.92000000e+00,4.88595546e-01,1.92000000e+00,1.06078637e+00,1.92000000e+00,9.49043981e-01,1.92000000e+00,1.06060143e+00,1.92000000e+00,9.47756857e-01,1.92000000e+00,1.13703776e+00,
1.93000000e+00,5.90919834e-01,1.93000000e+00,5.90739419e-01,1.93000000e+00,4.83881626e-01,1.93000000e+00,1.05541049e+00,1.93000000e+00,9.36656419e-01,1.93000000e+00,1.05522201e+00,1.93000000e+00,9.35368303e-01,1.93000000e+00,1.13036866e+00,
1.94000000e+00,5.87338380e-01,1.94000000e+00,5.87158039e-01,1.94000000e+00,4.79301567e-01,1.94000000e+00,1.05000408e+00,1.94000000e+00,9.24390299e-01,1.94000000e+00,1.04981220e+00,1.94000000e+00,9.23108380e-01,1.94000000e+00,1.12344560e+00,
1.95000000e+00,5.83833922e-01,1.95000000e+00,5.83653673e-01,1.95000000e+00,4.74849643e-01,1.95000000e+00,1.04457698e+00,1.95000000e+00,9.12318758e-01,1.95000000e+00,1.04438186e+00,1.95000000e+00,9.11048861e-01,1.95000000e+00,1.11628473e+00,
1.96000000e+00,5.80403819e-01,1.96000000e+00,5.80223679e-01,1.96000000e+00,4.70520443e-01,1.96000000e+00,1.03913947e+00,1.96000000e+00,9.00495304e-01,1.96000000e+00,1.03894128e+00,1.96000000e+00,8.99241869e-01,1.96000000e+00,1.10890448e+00,
1.97000000e+00,5.77045563e-01,1.97000000e+00,5.76865547e-01,1.97000000e+00,4.66308852e-01,1.97000000e+00,1.03370214e+00,1.97000000e+00,8.88955949e-01,1.97000000e+00,1.03350106e+00,1.97000000e+00,8.87722210e-01,1.97000000e+00,1.10132577e+00,
1.98000000e+00,5.73756772e-01,1.98000000e+00,5.73576895e-01,1.98000000e+00,4.62210031e-01,1.98000000e+00,1.02827564e+00,1.98000000e+00,8.77722839e-01,1.98000000e+00,1.02807186e+00,1.98000000e+00,8.76511065e-01,1.98000000e+00,1.09357215e+00,
1.99000000e+00,5.70535175e-01,1.99000000e+00,5.70355449e-01,1.99000000e+00,4.58219402e-01,1.99000000e+00,1.02287041e+00,1.99000000e+00,8.66807876e-01,1.99000000e+00,1.02266415e+00,1.99000000e+00,8.65619587e-01,1.99000000e+00,1.08566982e+00,
2.00000000e+00,5.67378609e-01,2.00000000e+00,5.67199046e-01,2.00000000e+00,4.54332630e-01,2.00000000e+00,1.01749641e+00,2.00000000e+00,8.56215665e-01,2.00000000e+00,1.01728786e+00,2.00000000e+00,8.55051818e-01,2.00000000e+00,1.07764753e+00,
2.01000000e+00,5.64285010e-01,2.01000000e+00,5.64105621e-01,2.01000000e+00,4.50545608e-01,2.01000000e+00,1.01216279e+00,2.01000000e+00,8.45945710e-01,2.01000000e+00,1.01195214e+00,2.01000000e+00,8.44806830e-01,2.01000000e+00,1.06953618e+00,
2.02000000e+00,5.61252406e-01,2.02000000e+00,5.61073202e-01,2.02000000e+00,4.46854442e-01,2.02000000e+00,1.00687765e+00,2.02000000e+00,8.35993971e-01,2.02000000e+00,1.00666509e+00,2.02000000e+00,8.34880255e-01,2.02000000e+00,1.06136806e+00,
2.03000000e+00,5.58278913e-01,2.03000000e+00,5.58099903e-01,2.03000000e+00,4.43255440e-01,2.03000000e+00,1.00164788e+00,2.03000000e+00,8.26353965e-01,2.03000000e+00,1.00143358e+00,2.03000000e+00,8.25265356e-01,2.03000000e+00,1.05317587e+00,
2.04000000e+00,5.55362729e-01,2.04000000e+00,5.55183921e-01,2.04000000e+00,4.39745097e-01,2.04000000e+00,9.96479098e-01,2.04000000e+00,8.17017508e-01,2.04000000e+00,9.96263201e-01,2.04000000e+00,8.15953754e-01,2.04000000e+00,1.04499131e+00,
2.05000000e+00,5.52502129e-01,2.05000000e+00,5.52323531e-01,2.05000000e+00,4.36320085e-01,2.05000000e+00,9.91375633e-01,2.05000000e+00,8.07975361e-01,2.05000000e+00,9.91158279e-01,2.05000000e+00,8.06936069e-01,2.05000000e+00,1.03684378e+00,
2.06000000e+00,5.49695461e-01,2.06000000e+00,5.49517080e-01,2.06000000e+00,4.32977243e-01,2.06000000e+00,9.86340667e-01,2.06000000e+00,7.99217635e-01,2.06000000e+00,9.86121972e-01,2.06000000e+00,7.98202302e-01,2.06000000e+00,1.02875913e+00,
2.07000000e+00,5.46941141e-01,2.07000000e+00,5.46762983e-01,2.07000000e+00,4.29713565e-01,2.07000000e+00,9.81376354e-01,2.07000000e+00,7.90734077e-01,2.07000000e+00,9.81156422e-01,2.07000000e+00,7.89742117e-01,2.07000000e+00,1.02075892e+00,
2.08000000e+00,5.44237650e-01,2.08000000e+00,5.44059720e-01,2.08000000e+00,4.26526191e-01,2.08000000e+00,9.76484000e-01,2.08000000e+00,7.82514308e-01,2.08000000e+00,9.76262918e-01,2.08000000e+00,7.81545077e-01,2.08000000e+00,1.01286012e+00,
2.09000000e+00,5.41583531e-01,2.09000000e+00,5.41405835e-01,2.09000000e+00,4.23412402e-01,2.09000000e+00,9.71664224e-01,2.09000000e+00,7.74548000e-01,2.09000000e+00,9.71442069e-01,2.09000000e+00,7.73600815e-01,2.09000000e+00,1.00507538e+00,
2.10000000e+00,5.38977385e-01,2.10000000e+00,5.38799928e-01,2.10000000e+00,4.20369605e-01,2.10000000e+00,9.66917112e-01,2.10000000e+00,7.66825013e-01,2.10000000e+00,9.66693953e-01,2.10000000e+00,7.65899167e-01,2.10000000e+00,9.97413486e-01,
2.11000000e+00,5.36417868e-01,2.11000000e+00,5.36240654e-01,2.11000000e+00,4.17395333e-01,2.11000000e+00,9.62242347e-01,2.11000000e+00,7.59335494e-01,2.11000000e+00,9.62018244e-01,2.11000000e+00,7.58430269e-01,2.11000000e+00,9.89880137e-01,
2.12000000e+00,5.33903691e-01,2.12000000e+00,5.33726723e-01,2.12000000e+00,4.14487234e-01,2.12000000e+00,9.57639316e-01,2.12000000e+00,7.52069948e-01,2.12000000e+00,9.57414324e-01,2.12000000e+00,7.51184624e-01,2.12000000e+00,9.82478578e-01,
2.13000000e+00,5.31433611e-01,2.13000000e+00,5.31256893e-01,2.13000000e+00,4.11643062e-01,2.13000000e+00,9.53107193e-01,2.13000000e+00,7.45019276e-01,2.13000000e+00,9.52881360e-01,2.13000000e+00,7.44153139e-01,2.13000000e+00,9.75210234e-01,
2.14000000e+00,5.29006435e-01,2.14000000e+00,5.28829970e-01,2.14000000e+00,4.08860678e-01,2.14000000e+00,9.48644999e-01,2.14000000e+00,7.38174803e-01,2.14000000e+00,9.48418372e-01,2.14000000e+00,7.37327151e-01,2.14000000e+00,9.68075198e-01,
2.15000000e+00,5.26621015e-01,2.15000000e+00,5.26444805e-01,2.15000000e+00,4.06138036e-01,2.15000000e+00,9.44251656e-01,2.15000000e+00,7.31528277e-01,2.15000000e+00,9.44024276e-01,2.15000000e+00,7.30698424e-01,2.15000000e+00,9.61072600e-01,
2.16000000e+00,5.24276245e-01,2.16000000e+00,5.24100292e-01,2.16000000e+00,4.03473185e-01,2.16000000e+00,9.39926018e-01,2.16000000e+00,7.25071863e-01,2.16000000e+00,9.39697923e-01,2.16000000e+00,7.24259140e-01,2.16000000e+00,9.54200883e-01,
2.17000000e+00,5.21971060e-01,2.17000000e+00,5.21795367e-01,2.17000000e+00,4.00864258e-01,2.17000000e+00,9.35666896e-01,2.17000000e+00,7.18798119e-01,2.17000000e+00,9.35438124e-01,2.17000000e+00,7.18001877e-01,2.17000000e+00,9.47457994e-01,
2.18000000e+00,5.19704436e-01,2.18000000e+00,5.19529004e-01,2.18000000e+00,3.98309471e-01,2.18000000e+00,9.31473082e-01,2.18000000e+00,7.12699973e-01,2.18000000e+00,9.31243667e-01,2.18000000e+00,7.11919583e-01,2.18000000e+00,9.40841515e-01,
2.19000000e+00,5.17475383e-01,2.19000000e+00,5.17300214e-01,2.19000000e+00,3.95807117e-01,2.19000000e+00,9.27343358e-01,2.19000000e+00,7.06770696e-01,2.19000000e+00,9.27113333e-01,2.19000000e+00,7.06005551e-01,2.19000000e+00,9.34348752e-01,
2.20000000e+00,5.15282950e-01,2.20000000e+00,5.15108044e-01,2.20000000e+00,3.93355564e-01,2.20000000e+00,9.23276507e-01,2.20000000e+00,7.01003874e-01,2.20000000e+00,9.23045902e-01,2.20000000e+00,7.00253386e-01,2.20000000e+00,9.27976794e-01,
2.21000000e+00,5.13126216e-01,2.21000000e+00,5.12951575e-01,2.21000000e+00,3.90953246e-01,2.21000000e+00,9.19271318e-01,2.21000000e+00,6.95393382e-01,2.21000000e+00,9.19040165e-01,2.21000000e+00,6.94656985e-01,2.21000000e+00,9.21722552e-01,
2.22000000e+00,5.11004296e-01,2.22000000e+00,5.10829921e-01,2.22000000e+00,3.88598666e-01,2.22000000e+00,9.15326597e-01,2.22000000e+00,6.89933362e-01,2.22000000e+00,9.15094922e-01,2.22000000e+00,6.89210511e-01,2.22000000e+00,9.15582784e-01,
2.23000000e+00,5.08916334e-01,2.23000000e+00,5.08742225e-01,2.23000000e+00,3.86290387e-01,2.23000000e+00,9.11441163e-01,2.23000000e+00,6.84618206e-01,2.23000000e+00,9.11208994e-01,2.23000000e+00,6.83908377e-01,2.23000000e+00,9.09554114e-01,
2.24000000e+00,5.06861504e-01,2.24000000e+00,5.06687661e-01,2.24000000e+00,3.84027032e-01,2.24000000e+00,9.07613854e-01,2.24000000e+00,6.79442537e-01,2.24000000e+00,9.07381217e-01,2.24000000e+00,6.78745225e-01,2.24000000e+00,9.03633057e-01,
2.25000000e+00,5.04839007e-01,2.25000000e+00,5.04665431e-01,2.25000000e+00,3.81807280e-01,2.25000000e+00,9.03843529e-01,2.25000000e+00,6.74401201e-01,2.25000000e+00,9.03610449e-01,2.25000000e+00,6.73715920e-01,2.25000000e+00,8.97816046e-01,
2.26000000e+00,5.02848073e-01,2.26000000e+00,5.02674764e-01,2.26000000e+00,3.79629863e-01,2.26000000e+00,9.00129069e-01,2.26000000e+00,6.69489251e-01,2.26000000e+00,8.99895569e-01,2.26000000e+00,6.68815535e-01,2.26000000e+00,8.92099481e-01,
2.27000000e+00,5.00887957e-01,2.27000000e+00,5.00714914e-01,2.27000000e+00,3.77493564e-01,2.27000000e+00,8.96469376e-01,2.27000000e+00,6.64701938e-01,2.27000000e+00,8.96235479e-01,2.27000000e+00,6.64039342e-01,2.27000000e+00,8.86479785e-01,
2.28000000e+00,4.98957937e-01,2.28000000e+00,4.98785162e-01,2.28000000e+00,3.75397213e-01,2.28000000e+00,8.92863374e-01,2.28000000e+00,6.60034710e-01,2.28000000e+00,8.92629102e-01,2.28000000e+00,6.59382805e-01,2.28000000e+00,8.80953480e-01,
2.29000000e+00,4.97057318e-01,2.29000000e+00,4.96884809e-01,2.29000000e+00,3.73339687e-01,2.29000000e+00,8.89310011e-01,2.29000000e+00,6.55483197e-01,2.29000000e+00,8.89075384e-01,2.29000000e+00,6.54841573e-01,2.29000000e+00,8.75517257e-01,
2.30000000e+00,4.95185426e-01,2.30000000e+00,4.95013182e-01,2.30000000e+00,3.71319905e-01,2.30000000e+00,8.85808257e-01,2.30000000e+00,6.51043209e-01,2.30000000e+00,8.85573296e-01,2.30000000e+00,6.50411474e-01,2.30000000e+00,8.70168043e-01,
2.31000000e+00,4.93341607e-01,2.31000000e+00,4.93169629e-01,2.31000000e+00,3.69336827e-01,2.31000000e+00,8.82357104e-01,2.31000000e+00,6.46710729e-01,2.31000000e+00,8.82121828e-01,2.31000000e+00,6.46088509e-01,2.31000000e+00,8.64903046e-01,
2.32000000e+00,4.91525230e-01,2.32000000e+00,4.91353518e-01,2.32000000e+00,3.67389455e-01,2.32000000e+00,8.78955567e-01,2.32000000e+00,6.42481907e-01,2.32000000e+00,8.78719995e-01,2.32000000e+00,6.41868844e-01,2.32000000e+00,8.59719772e-01,
2.33000000e+00,4.89735685e-01,2.33000000e+00,4.89564236e-01,2.33000000e+00,3.65476825e-01,2.33000000e+00,8.75602683e-01,2.33000000e+00,6.38353056e-01,2.33000000e+00,8.75366833e-01,2.33000000e+00,6.37748807e-01,2.33000000e+00,8.54616023e-01,
2.34000000e+00,4.87972377e-01,2.34000000e+00,4.87801193e-01,2.34000000e+00,3.63598011e-01,2.34000000e+00,8.72297511e-01,2.34000000e+00,6.34320642e-01,2.34000000e+00,8.72061399e-01,2.34000000e+00,6.33724880e-01,2.34000000e+00,8.49589868e-01,
2.35000000e+00,4.86234734e-01,2.35000000e+00,4.86063813e-01,2.35000000e+00,3.61752119e-01,2.35000000e+00,8.69039130e-01,2.35000000e+00,6.30381283e-01,2.35000000e+00,8.68802774e-01,2.35000000e+00,6.29793697e-01,2.35000000e+00,8.44639609e-01,
2.36000000e+00,4.84522199e-01,2.36000000e+00,4.84351539e-01,2.36000000e+00,3.59938290e-01,2.36000000e+00,8.65826642e-01,2.36000000e+00,6.26531740e-01,2.36000000e+00,8.65590057e-01,2.36000000e+00,6.25952033e-01,2.36000000e+00,8.39763740e-01,
2.37000000e+00,4.82834233e-01,2.37000000e+00,4.82663834e-01,2.37000000e+00,3.58155694e-01,2.37000000e+00,8.62659168e-01,2.37000000e+00,6.22768914e-01,2.37000000e+00,8.62422369e-01,2.37000000e+00,6.22196801e-01,2.37000000e+00,8.34960911e-01,
2.38000000e+00,4.81170311e-01,2.38000000e+00,4.81000173e-01,2.38000000e+00,3.56403531e-01,2.38000000e+00,8.59535850e-01,2.38000000e+00,6.19089839e-01,2.38000000e+00,8.59298852e-01,2.38000000e+00,6.18525049e-01,2.38000000e+00,8.30229889e-01,
2.39000000e+00,4.79529928e-01,2.39000000e+00,4.79360048e-01,2.39000000e+00,3.54681028e-01,2.39000000e+00,8.56455851e-01,2.39000000e+00,6.15491674e-01,2.39000000e+00,8.56218668e-01,2.39000000e+00,6.14933949e-01,2.39000000e+00,8.25569532e-01,
2.40000000e+00,4.77912590e-01,2.40000000e+00,4.77742968e-01,2.40000000e+00,3.52987442e-01,2.40000000e+00,8.53418351e-01,2.40000000e+00,6.11971702e-01,2.40000000e+00,8.53180996e-01,2.40000000e+00,6.11420795e-01,2.40000000e+00,8.20978766e-01,
