v-sweep,,,,,av0,,,,,,,v-sweep,,,,,av1,,,,,,,v-sweep,,,,,av2,,,,,,,v-sweep,,,,,av3,,,,,,,v-sweep,,,,,av4,,,,,,,v-sweep,,,,,av5,,,,,,,v-sweep,,,,,av6,,,,,,,v-sweep,,,,,av7,,,,,,
0.00000000e+00,-1.45811738e+01,0.00000000e+00,-1.45785170e+01,0.00000000e+00,-1.41352956e+01,0.00000000e+00,-9.65473659e+00,0.00000000e+00,-7.51544407e+00,0.00000000e+00,-9.65306311e+00,0.00000000e+00,-7.50267660e+00,0.00000000e+00,-5.34642285e+00,
1.00000000e-02,-1.44678921e+01,1.00000000e-02,-1.44652930e+01,1.00000000e-02,-1.39923954e+01,1.00000000e-02,-9.54537029e+00,1.00000000e-02,-7.31886108e+00,1.00000000e-02,-9.54374126e+00,1.00000000e-02,-7.30583835e+00,1.00000000e-02,-5.23501547e+00,
2.00000000e-02,-1.43549032e+01,2.00000000e-02,-1.43523609e+01,2.00000000e-02,-1.38499924e+01,2.00000000e-02,-9.43630750e+00,2.00000000e-02,-7.12320830e+00,2.00000000e-02,-9.43472218e+00,2.00000000e-02,-7.10993067e+00,2.00000000e-02,-5.12434363e+00,
3.00000000e-02,-1.42410313e+01,3.00000000e-02,-1.42385454e+01,3.00000000e-02,-1.37062497e+01,3.00000000e-02,-9.32648872e+00,3.00000000e-02,-6.92504510e+00,3.00000000e-02,-9.32494673e+00,3.00000000e-02,-6.91150198e+00,3.00000000e-02,-5.01354288e+00,
4.00000000e-02,-1.41262605e+01,4.00000000e-02,-1.41238308e+01,4.00000000e-02,-1.35611397e+01,4.00000000e-02,-9.21591356e+00,4.00000000e-02,-6.72437081e+00,4.00000000e-02,-9.21441458e+00,4.00000000e-02,-6.71055145e+00,4.00000000e-02,-4.90222735e+00,
5.00000000e-02,-1.40105728e+01,5.00000000e-02,-1.40081989e+01,5.00000000e-02,-1.34146324e+01,5.00000000e-02,-9.10458193e+00,5.00000000e-02,-6.52119037e+00,5.00000000e-02,-9.10312570e+00,5.00000000e-02,-6.50708377e+00,5.00000000e-02,-4.78995093e+00,
6.00000000e-02,-1.38939503e+01,6.00000000e-02,-1.38916319e+01,6.00000000e-02,-1.32666975e+01,6.00000000e-02,-8.99249725e+00,6.00000000e-02,-6.31552226e+00,6.00000000e-02,-8.99108359e+00,6.00000000e-02,-6.30111734e+00,6.00000000e-02,-4.67621901e+00,
7.00000000e-02,-1.37763748e+01,7.00000000e-02,-1.37741115e+01,7.00000000e-02,-1.31173037e+01,7.00000000e-02,-8.87966613e+00,7.00000000e-02,-6.10739854e+00,7.00000000e-02,-8.87829491e+00,7.00000000e-02,-6.09268421e+00,7.00000000e-02,-4.56052427e+00,
8.00000000e-02,-1.36578274e+01,8.00000000e-02,-1.36556190e+01,8.00000000e-02,-1.29664187e+01,8.00000000e-02,-8.76609899e+00,8.00000000e-02,-5.89686664e+00,8.00000000e-02,-8.76477021e+00,8.00000000e-02,-5.88183195e+00,8.00000000e-02,-4.44239213e+00,
9.00000000e-02,-1.35382888e+01,9.00000000e-02,-1.35361350e+01,9.00000000e-02,-1.28140093e+01,9.00000000e-02,-8.65181088e+00,9.00000000e-02,-5.68399119e+00,9.00000000e-02,-8.65052461e+00,9.00000000e-02,-5.66862544e+00,9.00000000e-02,-4.32143198e+00,
1.00000000e-01,-1.34177391e+01,1.00000000e-01,-1.34156395e+01,1.00000000e-01,-1.26600411e+01,1.00000000e-01,-8.53682233e+00,1.00000000e-01,-5.46885555e+00,1.00000000e-01,-8.53557878e+00,1.00000000e-01,-5.45314852e+00,1.00000000e-01,-4.19738427e+00,
1.10000000e-01,-1.32961578e+01,1.10000000e-01,-1.32941120e+01,1.10000000e-01,-1.25044787e+01,1.10000000e-01,-8.42116049e+00,1.10000000e-01,-5.25156302e+00,1.10000000e-01,-8.41996002e+00,1.10000000e-01,-5.23550515e+00,1.10000000e-01,-4.07015387e+00,
1.20000000e-01,-1.31735239e+01,1.20000000e-01,-1.31715317e+01,1.20000000e-01,-1.23472853e+01,1.20000000e-01,-8.30486045e+00,1.20000000e-01,-5.03223723e+00,1.20000000e-01,-8.30370356e+00,1.20000000e-01,-5.01581987e+00,1.20000000e-01,-3.93982313e+00,
1.30000000e-01,-1.30498157e+01,1.30000000e-01,-1.30478767e+01,1.30000000e-01,-1.21884234e+01,1.30000000e-01,-8.18796676e+00,1.30000000e-01,-4.81102129e+00,1.30000000e-01,-8.18685416e+00,1.30000000e-01,-4.79423701e+00,1.30000000e-01,-3.80664446e+00,
1.40000000e-01,-1.29250109e+01,1.40000000e-01,-1.29231249e+01,1.40000000e-01,-1.20278538e+01,1.40000000e-01,-8.07053538e+00,1.40000000e-01,-4.58807523e+00,1.40000000e-01,-8.06946799e+00,1.40000000e-01,-4.57091809e+00,1.40000000e-01,-3.67101859e+00,
1.50000000e-01,-1.27990868e+01,1.50000000e-01,-1.27972534e+01,1.50000000e-01,-1.18655363e+01,1.50000000e-01,-7.95263586e+00,1.50000000e-01,-4.36357092e+00,1.50000000e-01,-7.95161487e+00,1.50000000e-01,-4.34603673e+00,1.50000000e-01,-3.53346746e+00,
1.60000000e-01,-1.26720196e+01,1.60000000e-01,-1.26702386e+01,1.60000000e-01,-1.17014295e+01,1.60000000e-01,-7.83435408e+00,1.60000000e-01,-4.13768389e+00,1.60000000e-01,-7.83338099e+00,1.60000000e-01,-4.11977050e+00,1.60000000e-01,-3.39461065e+00,
1.70000000e-01,-1.25437854e+01,1.70000000e-01,-1.25420563e+01,1.70000000e-01,-1.15354904e+01,1.70000000e-01,-7.71579543e+00,1.70000000e-01,-3.91058161e+00,1.70000000e-01,-7.71487210e+00,1.70000000e-01,-3.89228914e+00,1.70000000e-01,-3.25515160e+00,
1.80000000e-01,-1.24143592e+01,1.80000000e-01,-1.24126818e+01,1.80000000e-01,-1.13676748e+01,1.80000000e-01,-7.59708859e+00,1.80000000e-01,-3.68240853e+00,1.80000000e-01,-7.59621728e+00,1.80000000e-01,-3.66373945e+00,1.80000000e-01,-3.11587375e+00,
1.90000000e-01,-1.22837154e+01,1.90000000e-01,-1.22820894e+01,1.90000000e-01,-1.11979369e+01,1.90000000e-01,-7.47838998e+00,1.90000000e-01,-3.45326896e+00,1.90000000e-01,-7.47757345e+00,1.90000000e-01,-3.43422823e+00,1.90000000e-01,-2.97765156e+00,
2.00000000e-01,-1.21518278e+01,2.00000000e-01,-1.21502529e+01,2.00000000e-01,-1.10262296e+01,2.00000000e-01,-7.35988899e+00,2.00000000e-01,-3.22321097e+00,2.00000000e-01,-7.35913058e+00,2.00000000e-01,-3.20380602e+00,2.00000000e-01,-2.84147779e+00,
2.10000000e-01,-1.20186695e+01,2.10000000e-01,-1.20171454e+01,2.10000000e-01,-1.08525044e+01,2.10000000e-01,-7.24181401e+00,2.10000000e-01,-2.99221561e+00,2.10000000e-01,-7.24111773e+00,2.10000000e-01,-2.97245645e+00,2.10000000e-01,-2.70848836e+00,
2.20000000e-01,-1.18842129e+01,2.20000000e-01,-1.18827392e+01,2.20000000e-01,-1.06767109e+01,2.20000000e-01,-7.12443931e+00,2.20000000e-01,-2.76019710e+00,2.20000000e-01,-7.12380991e+00,2.20000000e-01,-2.74009661e+00,2.20000000e-01,-2.57999076e+00,
2.30000000e-01,-1.17484295e+01,2.30000000e-01,-1.17470060e+01,2.30000000e-01,-1.04987975e+01,2.30000000e-01,-7.00809273e+00,2.30000000e-01,-2.52701858e+00,2.30000000e-01,-7.00753585e+00,2.30000000e-01,-2.50659310e+00,2.30000000e-01,-2.45750088e+00,
2.40000000e-01,-1.16112902e+01,2.40000000e-01,-1.16099166e+01,2.40000000e-01,-1.03187109e+01,2.40000000e-01,-6.89316408e+00,2.40000000e-01,-2.29252484e+00,2.40000000e-01,-6.89268635e+00,2.40000000e-01,-2.27179527e+00,2.40000000e-01,-2.34277311e+00,
2.50000000e-01,-1.14727652e+01,2.50000000e-01,-1.14714413e+01,2.50000000e-01,-1.01363959e+01,2.50000000e-01,-6.78011398e+00,2.50000000e-01,-2.05658897e+00,2.50000000e-01,-6.77972314e+00,2.50000000e-01,-2.03558218e+00,2.50000000e-01,-2.23782023e+00,
2.60000000e-01,-1.13328240e+01,2.60000000e-01,-1.13315495e+01,2.60000000e-01,-9.95179617e+00,2.60000000e-01,-6.66948265e+00,2.60000000e-01,-1.81916522e+00,2.60000000e-01,-6.66918766e+00,2.60000000e-01,-1.79791593e+00,2.60000000e-01,-2.14491488e+00,
2.70000000e-01,-1.11914353e+01,2.70000000e-01,-1.11902098e+01,2.70000000e-01,-9.76485328e+00,2.70000000e-01,-6.56189796e+00,2.70000000e-01,-1.58033978e+00,2.70000000e-01,-6.56170904e+00,2.70000000e-01,-1.55889243e+00,2.70000000e-01,-2.06656370e+00,
2.80000000e-01,-1.10485671e+01,2.80000000e-01,-1.10473904e+01,2.80000000e-01,-9.57550731e+00,2.80000000e-01,-6.45808166e+00,2.80000000e-01,-1.34037303e+00,2.80000000e-01,-6.45801037e+00,2.80000000e-01,-1.31878385e+00,2.80000000e-01,-2.00544605e+00,
2.90000000e-01,-1.09041866e+01,2.90000000e-01,-1.09030586e+01,2.90000000e-01,-9.38369667e+00,2.90000000e-01,-6.35885248e+00,2.90000000e-01,-1.09973256e+00,2.90000000e-01,-6.35891168e+00,2.90000000e-01,-1.07807173e+00,2.90000000e-01,-1.96431384e+00,
3.00000000e-01,-1.07582603e+01,3.00000000e-01,-1.07571807e+01,3.00000000e-01,-9.18935808e+00,3.00000000e-01,-6.26512440e+00,3.00000000e-01,-8.59120686e-01,3.00000000e-01,-6.26532814e+00,3.00000000e-01,-8.37474714e-01,3.00000000e-01,-1.94585706e+00,
3.10000000e-01,-1.06107543e+01,3.10000000e-01,-1.06097229e+01,3.10000000e-01,-8.99242665e+00,3.10000000e-01,-6.17789831e+00,3.10000000e-01,-6.19503226e-01,3.10000000e-01,-6.17826159e+00,3.10000000e-01,-5.97977808e-01,3.10000000e-01,-1.95255071e+00,
3.20000000e-01,-1.04616335e+01,3.20000000e-01,-1.04606501e+01,3.20000000e-01,-8.79283588e+00,3.20000000e-01,-6.09824549e+00,3.20000000e-01,-3.82126385e-01,3.20000000e-01,-6.09878390e+00,3.20000000e-01,-3.60847147e-01,3.20000000e-01,-1.98650845e+00,
3.30000000e-01,-1.03108624e+01,3.30000000e-01,-1.03099269e+01,3.30000000e-01,-8.59051769e+00,3.30000000e-01,-6.02728170e+00,3.30000000e-01,-1.48544835e-01,3.30000000e-01,-6.02801098e+00,3.30000000e-01,-1.27665492e-01,3.30000000e-01,-2.04937296e+00,
3.40000000e-01,-1.01584048e+01,3.40000000e-01,-1.01575169e+01,3.40000000e-01,-8.38540255e+00,3.40000000e-01,-5.96613229e+00,3.40000000e-01,7.92118993e-02,3.40000000e-01,-5.96706769e+00,3.40000000e-01,9.95017044e-02,3.40000000e-01,-2.14226720e+00,
3.50000000e-01,-1.00042234e+01,3.50000000e-01,-1.00033832e+01,3.50000000e-01,-8.17741949e+00,3.50000000e-01,-5.91588962e+00,3.50000000e-01,2.98567958e-01,3.50000000e-01,-5.91704528e+00,3.50000000e-01,3.18040656e-01,3.50000000e-01,-2.26581742e+00,
3.60000000e-01,-9.84828059e+00,3.60000000e-01,-9.84748787e+00,3.60000000e-01,-7.96649625e+00,3.60000000e-01,-5.87756679e+00,3.60000000e-01,5.06378117e-01,3.60000000e-01,-5.87895507e+00,3.60000000e-01,5.24761324e-01,3.60000000e-01,-2.42024066e+00,
3.70000000e-01,-9.69053742e+00,3.70000000e-01,-9.68979220e+00,3.70000000e-01,-7.75255937e+00,3.70000000e-01,-5.85205240e+00,3.70000000e-01,6.98790934e-01,3.70000000e-01,-5.85368335e+00,3.70000000e-01,7.15760925e-01,3.70000000e-01,-2.60547600e+00,
3.80000000e-01,-9.53095418e+00,3.80000000e-01,-9.53025645e+00,3.80000000e-01,-7.53553435e+00,3.80000000e-01,-5.84007276e+00,3.80000000e-01,8.71166688e-01,3.80000000e-01,-5.84195369e+00,3.80000000e-01,8.86345536e-01,3.80000000e-01,-2.82133292e+00,
3.90000000e-01,-9.36948990e+00,3.90000000e-01,-9.36883972e+00,3.90000000e-01,-7.31534586e+00,3.90000000e-01,-5.84216680e+00,3.90000000e-01,1.01806151e+00,3.90000000e-01,-5.84430219e+00,3.90000000e-01,1.03102050e+00,3.90000000e-01,-3.06763324e+00,
4.00000000e-01,-9.20610216e+00,4.00000000e-01,-9.20549966e+00,4.00000000e-01,-7.09191787e+00,4.00000000e-01,-5.85867779e+00,4.00000000e-01,1.13333584e+00,4.00000000e-01,-5.86106941e+00,4.00000000e-01,1.14360958e+00,4.00000000e-01,-3.34433202e+00,
4.10000000e-01,-9.04074681e+00,4.10000000e-01,-9.04019217e+00,4.10000000e-01,-6.86517399e+00,4.10000000e-01,-5.88976299e+00,4.10000000e-01,1.21045809e+00,4.10000000e-01,-5.89241020e+00,4.10000000e-01,1.21757363e+00,4.10000000e-01,-3.65161191e+00,
4.20000000e-01,-8.87337744e+00,4.20000000e-01,-8.87287093e+00,4.20000000e-01,-6.63503775e+00,4.20000000e-01,-5.93541925e+00,4.20000000e-01,1.24305648e+00,4.20000000e-01,-5.93831965e+00,4.20000000e-01,1.24657912e+00,4.20000000e-01,-3.98995339e+00,
4.30000000e-01,-8.70394485e+00,4.30000000e-01,-8.70348683e+00,4.30000000e-01,-6.40143301e+00,4.30000000e-01,-5.99552075e+00,4.30000000e-01,1.22570591e+00,4.30000000e-01,-5.99867079e+00,4.30000000e-01,1.22529721e+00,4.30000000e-01,-4.36018744e+00,
4.40000000e-01,-8.53239629e+00,4.40000000e-01,-8.53198723e+00,4.40000000e-01,-6.16428443e+00,4.40000000e-01,-6.06986310e+00,4.40000000e-01,1.15482540e+00,4.40000000e-01,-6.07325881e+00,4.40000000e-01,1.15030119e+00,4.40000000e-01,-4.76353909e+00,
4.50000000e-01,-8.35867452e+00,4.50000000e-01,-8.35831499e+00,4.50000000e-01,-5.92351825e+00,4.50000000e-01,-6.15820877e+00,4.50000000e-01,1.02945123e+00,4.50000000e-01,-6.16184637e+00,4.50000000e-01,1.02082203e+00,4.50000000e-01,-5.20167017e+00,
4.60000000e-01,-8.18271667e+00,4.60000000e-01,-8.18240741e+00,4.60000000e-01,-5.67906311e+00,4.60000000e-01,-6.26032933e+00,4.60000000e-01,8.51621316e-01,4.60000000e-01,-6.26420584e+00,4.60000000e-01,8.39100091e-01,4.60000000e-01,-5.67672941e+00,
4.70000000e-01,-8.00445292e+00,4.70000000e-01,-8.00419482e+00,4.70000000e-01,-5.43085145e+00,4.70000000e-01,-6.37604192e+00,4.70000000e-01,6.26204139e-01,4.70000000e-01,-6.38015559e+00,4.70000000e-01,6.10176234e-01,4.70000000e-01,-6.19141781e+00,
4.80000000e-01,-7.82380493e+00,4.80000000e-01,-7.82359905e+00,4.80000000e-01,-5.17882128e+00,4.80000000e-01,-6.50523875e+00,4.80000000e-01,3.60188721e-01,4.80000000e-01,-6.50958943e+00,4.80000000e-01,3.41151438e-01,4.80000000e-01,-6.74907771e+00,
4.90000000e-01,-7.64068412e+00,4.90000000e-01,-7.64053175e+00,4.90000000e-01,-4.92291877e+00,4.90000000e-01,-6.64790984e+00,4.90000000e-01,6.16172472e-02,4.90000000e-01,-6.65249923e+00,4.90000000e-01,4.01044328e-02,4.90000000e-01,-7.35381618e+00,
5.00000000e-01,-7.45498984e+00,5.00000000e-01,-7.45489248e+00,5.00000000e-01,-4.66310193e+00,5.00000000e-01,-6.80416003e+00,5.00000000e-01,-2.61584180e-01,5.00000000e-01,-6.80899185e+00,5.00000000e-01,-2.85075480e-01,5.00000000e-01,-8.01067722e+00,
5.10000000e-01,-7.26660755e+00,5.10000000e-01,-7.26656700e+00,5.10000000e-01,-4.39934574e+00,5.10000000e-01,-6.97422170e+00,5.10000000e-01,-6.02631190e-01,5.10000000e-01,-6.97930185e+00,5.10000000e-01,-6.27697597e-01,5.10000000e-01,-8.72588348e+00,
5.20000000e-01,-7.07540717e+00,5.20000000e-01,-7.07542551e+00,5.20000000e-01,-4.13164933e+00,5.20000000e-01,-7.15846483e+00,5.20000000e-01,-9.56575231e-01,5.20000000e-01,-7.16380151e+00,5.20000000e-01,-9.82938133e-01,5.20000000e-01,-9.50718036e+00,
5.30000000e-01,-6.88124190e+00,5.30000000e-01,-6.88132157e+00,5.30000000e-01,-3.86004589e+00,5.30000000e-01,-7.35740585e+00,5.30000000e-01,-1.32057023e+00,5.30000000e-01,-7.36300966e+00,5.30000000e-01,-1.34807912e+00,5.30000000e-01,-1.03643340e+01,
5.40000000e-01,-6.68394777e+00,5.40000000e-01,-6.68409160e+00,5.40000000e-01,-3.58461620e+00,5.40000000e-01,-7.57171659e+00,5.40000000e-01,-1.69373656e+00,5.40000000e-01,-7.57760065e+00,5.40000000e-01,-1.72235056e+00,5.40000000e-01,-1.13098696e+01,
5.50000000e-01,-6.48334453e+00,5.50000000e-01,-6.48355582e+00,5.50000000e-01,-3.30550682e+00,5.50000000e-01,-7.80223434e+00,5.50000000e-01,-2.07675675e+00,5.50000000e-01,-7.80841447e+00,5.50000000e-01,-2.10651532e+00,5.50000000e-01,-1.23602017e+01,
5.60000000e-01,-6.27923843e+00,5.60000000e-01,-6.27952098e+00,5.60000000e-01,-3.02295427e+00,5.60000000e-01,-8.04997396e+00,5.60000000e-01,-2.47138206e+00,5.60000000e-01,-8.05646883e+00,5.60000000e-01,-2.50237563e+00,5.60000000e-01,-1.35374307e+01,
5.70000000e-01,-6.07142778e+00,5.70000000e-01,-6.07178601e+00,5.70000000e-01,-2.73731657e+00,5.70000000e-01,-8.31614244e+00,5.70000000e-01,-2.87999529e+00,5.70000000e-01,-8.32297385e+00,5.70000000e-01,-2.91234255e+00,5.70000000e-01,-1.48723453e+01,
5.80000000e-01,-5.85971237e+00,5.80000000e-01,-5.86015135e+00,5.80000000e-01,-2.44911382e+00,5.80000000e-01,-8.60215639e+00,5.80000000e-01,-3.30530092e+00,5.80000000e-01,-8.60934951e+00,5.80000000e-01,-3.33913468e+00,5.80000000e-01,-1.64097578e+01,
5.90000000e-01,-5.64390797e+00,5.90000000e-01,-5.64443362e+00,5.90000000e-01,-2.15907914e+00,5.90000000e-01,-8.90966224e+00,5.90000000e-01,-3.75014711e+00,5.90000000e-01,-8.91724594e+00,5.90000000e-01,-3.78560747e+00,5.90000000e-01,-1.82187740e+01,
6.00000000e-01,-5.42386752e+00,6.00000000e-01,-5.42448665e+00,6.00000000e-01,-1.86822094e+00,6.00000000e-01,-9.24055853e+00,6.00000000e-01,-4.21744894e+00,6.00000000e-01,-9.24856575e+00,6.00000000e-01,-4.25468159e+00,6.00000000e-01,-2.04147760e+01,
6.10000000e-01,-5.19950993e+00,6.10000000e-01,-5.20023046e+00,6.10000000e-01,-1.57789600e+00,6.10000000e-01,-9.59701849e+00,6.10000000e-01,-4.71017459e+00,6.10000000e-01,-9.60548669e+00,6.10000000e-01,-4.74933191e+00,6.10000000e-01,-2.32141119e+01,
6.20000000e-01,-4.97085777e+00,6.20000000e-01,-4.97168889e+00,6.20000000e-01,-1.28989074e+00,6.20000000e-01,-9.98150988e+00,6.20000000e-01,-5.23136225e+00,6.20000000e-01,-9.99048140e+00,6.20000000e-01,-5.27260587e+00,6.20000000e-01,-2.71059535e+01,
6.30000000e-01,-4.73808332e+00,6.30000000e-01,-4.73903568e+00,6.30000000e-01,-1.00650429e+00,6.30000000e-01,-1.03968060e+01,6.30000000e-01,-5.78414443e+00,6.30000000e-01,-1.04063285e+01,6.30000000e-01,-5.82764807e+00,6.30000000e-01,-3.36912352e+01,
6.40000000e-01,-4.50156176e+00,6.40000000e-01,-4.50264770e+00,6.40000000e-01,-7.30621996e-01,6.40000000e-01,-1.08459786e+01,6.40000000e-01,-6.37176188e+00,6.40000000e-01,-1.08561056e+01,6.40000000e-01,-6.41771400e+00,6.40000000e-01,-5.90788043e+01,
6.50000000e-01,-4.26192790e+00,6.50000000e-01,-4.26316158e+00,6.50000000e-01,-4.65761973e-01,6.50000000e-01,-1.13323596e+01,6.50000000e-01,-6.99755046e+00,6.50000000e-01,-1.13431501e+01,6.50000000e-01,-7.04615613e+00,6.50000000e-01,-3.35316267e+01,
6.60000000e-01,-4.02013092e+00,6.60000000e-01,-4.02152846e+00,6.60000000e-01,-2.16070913e-01,6.60000000e-01,-1.18594502e+01,6.60000000e-01,-7.66488134e+00,6.60000000e-01,-1.18709694e+01,6.60000000e-01,-7.71636276e+00,6.60000000e-01,-2.81802905e+01,
6.70000000e-01,-3.77747908e+00,6.70000000e-01,-3.77905844e+00,6.70000000e-01,1.37597101e-02,6.70000000e-01,-1.24307553e+01,6.70000000e-01,-8.37702918e+00,6.70000000e-01,-1.24430736e+01,6.70000000e-01,-8.43162438e+00,6.70000000e-01,-2.52313540e+01,
6.80000000e-01,-3.53566376e+00,6.80000000e-01,-3.53744440e+00,6.80000000e-01,2.18687676e-01,6.80000000e-01,-1.30495157e+01,6.80000000e-01,-9.13693778e+00,6.80000000e-01,-1.30627081e+01,6.80000000e-01,-9.19489662e+00,6.80000000e-01,-2.33232939e+01,
6.90000000e-01,-3.29675016e+00,6.90000000e-01,-3.29875226e+00,6.90000000e-01,3.93650437e-01,6.90000000e-01,-1.37183165e+01,6.90000000e-01,-9.94685177e+00,6.90000000e-01,-1.37324609e+01,6.90000000e-01,-1.00084289e+01,6.90000000e-01,-2.20207806e+01,
7.00000000e-01,-3.06312093e+00,7.00000000e-01,-3.06536409e+00,7.00000000e-01,5.34044201e-01,7.00000000e-01,-1.44385699e+01,7.00000000e-01,-1.08077943e+01,7.00000000e-01,-1.44537448e+01,7.00000000e-01,-1.08732385e+01,7.00000000e-01,-2.11295033e+01,
7.10000000e-01,-2.83736131e+00,7.10000000e-01,-2.83986272e+00,7.10000000e-01,6.36336934e-01,7.10000000e-01,-1.52099039e+01,7.10000000e-01,-1.17189030e+01,7.10000000e-01,-1.52261864e+01,7.10000000e-01,-1.17884445e+01,7.10000000e-01,-2.05455818e+01,
7.20000000e-01,-2.62208280e+00,7.20000000e-01,-2.62485500e+00,7.20000000e-01,6.98755844e-01,7.20000000e-01,-1.60295490e+01,7.20000000e-01,-1.26766975e+01,7.20000000e-01,-1.60470122e+01,7.20000000e-01,-1.27505352e+01,7.20000000e-01,-2.02054555e+01,
7.30000000e-01,-2.41969766e+00,7.30000000e-01,-2.42274622e+00,7.30000000e-01,7.21924493e-01,7.30000000e-01,-1.68918697e+01,7.30000000e-01,-1.36744386e+01,7.30000000e-01,-1.69105815e+01,7.30000000e-01,-1.37527302e+01,7.30000000e-01,-2.00647956e+01,
7.40000000e-01,-2.23217675e+00,7.40000000e-01,-2.23549848e+00,7.40000000e-01,7.09249454e-01,7.40000000e-01,-1.77882296e+01,7.40000000e-01,-1.47018150e+01,7.40000000e-01,-1.78082521e+01,7.40000000e-01,-1.47846764e+01,7.40000000e-01,-2.00883439e+01,
7.50000000e-01,-2.06084042e+00,7.50000000e-01,-2.06442252e+00,7.50000000e-01,6.66819068e-01,7.50000000e-01,-1.87073482e+01,7.50000000e-01,-1.57452157e+01,7.50000000e-01,-1.87287391e+01,7.50000000e-01,-1.58327290e+01,7.50000000e-01,-2.02449766e+01,
7.60000000e-01,-1.90623371e+00,7.60000000e-01,-1.91005433e+00,7.60000000e-01,6.02663343e-01,7.60000000e-01,-1.96361928e+01,7.60000000e-01,-1.67887288e+01,7.60000000e-01,-1.96590073e+01,7.60000000e-01,-1.68809592e+01,7.60000000e-01,-2.05058276e+01,
7.70000000e-01,-1.76811884e+00,7.70000000e-01,-1.77214890e+00,7.70000000e-01,5.25479792e-01,7.70000000e-01,-2.05612755e+01,7.70000000e-01,-1.78157788e+01,7.70000000e-01,-2.05855678e+01,7.70000000e-01,-1.79127921e+01,7.70000000e-01,-2.08442529e+01,
7.80000000e-01,-1.64558316e+00,7.80000000e-01,-1.64978905e+00,7.80000000e-01,4.43234157e-01,7.80000000e-01,-2.14700629e+01,7.80000000e-01,-1.88110366e+01,7.80000000e-01,-2.14958863e+01,7.80000000e-01,-1.89129099e+01,7.80000000e-01,-2.12366160e+01,
7.90000000e-01,-1.53722738e+00,7.90000000e-01,-1.54157380e+00,7.90000000e-01,3.62142261e-01,7.90000000e-01,-2.23521615e+01,7.90000000e-01,-1.97620935e+01,7.90000000e-01,-2.23795673e+01,7.90000000e-01,-1.98689136e+01,7.90000000e-01,-2.16630647e+01,
8.00000000e-01,-1.44138194e+00,8.00000000e-01,-1.44583439e+00,8.00000000e-01,2.86310980e-01,8.00000000e-01,-2.32000273e+01,8.00000000e-01,-2.06604739e+01,8.00000000e-01,-2.32290615e+01,8.00000000e-01,-2.07723244e+01,8.00000000e-01,-2.21078520e+01,
8.10000000e-01,-1.35630367e+00,8.10000000e-01,-1.36083018e+00,8.10000000e-01,2.17954909e-01,8.10000000e-01,-2.40091244e+01,8.10000000e-01,-2.15018286e+01,8.10000000e-01,-2.40398249e+01,8.10000000e-01,-2.16187704e+01,8.10000000e-01,-2.25591497e+01,
8.20000000e-01,-1.28031945e+00,8.20000000e-01,-1.28489137e+00,8.20000000e-01,1.57897637e-01,8.20000000e-01,-2.47776253e+01,8.20000000e-01,-2.22854369e+01,8.20000000e-01,-2.48100185e+01,8.20000000e-01,-2.24074906e+01,8.20000000e-01,-2.30085236e+01,
8.30000000e-01,-1.21182675e+00,8.30000000e-01,-1.21641892e+00,8.30000000e-01,1.06091762e-01,8.30000000e-01,-2.55057792e+01,8.30000000e-01,-2.30133158e+01,8.30000000e-01,-2.55398788e+01,8.30000000e-01,-2.31404491e+01,8.30000000e-01,-2.34502260e+01,
8.40000000e-01,-1.14948156e+00,8.40000000e-01,-1.15407317e+00,8.40000000e-01,6.20172200e-02,8.40000000e-01,-2.61953464e+01,8.40000000e-01,-2.36891706e+01,8.40000000e-01,-2.62311526e+01,8.40000000e-01,-2.38212927e+01,8.40000000e-01,-2.38806739e+01,
8.50000000e-01,-1.09228629e+00,8.50000000e-01,-1.09686005e+00,8.50000000e-01,2.50450817e-02,8.50000000e-01,-2.68490668e+01,8.50000000e-01,-2.43176033e+01,8.50000000e-01,-2.68865664e+01,8.50000000e-01,-2.44545684e+01,8.50000000e-01,-2.42979345e+01,
8.60000000e-01,-1.03939892e+00,8.60000000e-01,-1.04393984e+00,8.60000000e-01,-5.52548843e-03,8.60000000e-01,-2.74700480e+01,8.60000000e-01,-2.49035864e+01,8.60000000e-01,-2.75092146e+01,8.60000000e-01,-2.50451971e+01,8.60000000e-01,-2.47011262e+01,
8.70000000e-01,-9.90115703e-01,8.70000000e-01,-9.94611066e-01,8.70000000e-01,-3.05390762e-02,8.70000000e-01,-2.80614172e+01,8.70000000e-01,-2.54519095e+01,8.70000000e-01,-2.81022116e+01,8.70000000e-01,-2.55979184e+01,8.70000000e-01,-2.50901047e+01,
8.80000000e-01,-9.43878699e-01,8.80000000e-01,-9.48317619e-01,8.80000000e-01,-5.07636601e-02,8.80000000e-01,-2.86261249e+01,8.80000000e-01,-2.59668857e+01,8.80000000e-01,-2.86684965e+01,8.80000000e-01,-2.61170034e+01,8.80000000e-01,-2.54652266e+01,
8.90000000e-01,-9.00248223e-01,8.90000000e-01,-9.04621264e-01,8.90000000e-01,-6.68289534e-02,8.90000000e-01,-2.91668163e+01,8.90000000e-01,-2.64522941e+01,8.90000000e-01,-2.92107026e+01,8.90000000e-01,-2.66061930e+01,8.90000000e-01,-2.58271447e+01,
9.00000000e-01,-8.58878587e-01,9.00000000e-01,-8.63177455e-01,9.00000000e-01,-7.92891339e-02,9.00000000e-01,-2.96857694e+01,9.00000000e-01,-2.69113533e+01,9.00000000e-01,-2.97310965e+01,9.00000000e-01,-2.70686711e+01,9.00000000e-01,-2.61766703e+01,
9.10000000e-01,-8.19497713e-01,9.10000000e-01,-8.23715012e-01,9.10000000e-01,-8.86272282e-02,9.10000000e-01,-3.01848776e+01,9.10000000e-01,-2.73467451e+01,9.10000000e-01,-3.02315595e+01,9.10000000e-01,-2.75070866e+01,9.10000000e-01,-2.65146780e+01,
9.20000000e-01,-7.81890587e-01,9.20000000e-01,-7.86019626e-01,9.20000000e-01,-9.52618492e-02,9.20000000e-01,-3.06656592e+01,9.20000000e-01,-2.77606630e+01,9.20000000e-01,-3.07135972e+01,9.20000000e-01,-2.79236015e+01,9.20000000e-01,-2.68420421e+01,
9.30000000e-01,-7.45886098e-01,9.30000000e-01,-7.49920739e-01,9.30000000e-01,-9.95545481e-02,9.30000000e-01,-3.11292801e+01,9.30000000e-01,-2.81548700e+01,9.30000000e-01,-3.11783626e+01,9.30000000e-01,-2.83199474e+01,9.30000000e-01,-2.71595963e+01,
9.40000000e-01,-7.11346739e-01,9.40000000e-01,-7.15281288e-01,9.40000000e-01,-1.01816929e-01,9.40000000e-01,-3.15765847e+01,9.40000000e-01,-2.85307576e+01,9.40000000e-01,-3.16266856e+01,9.40000000e-01,-2.86974849e+01,9.40000000e-01,-2.74681095e+01,
9.50000000e-01,-6.78160626e-01,9.50000000e-01,-6.81989744e-01,9.50000000e-01,-1.02317152e-01,9.50000000e-01,-3.20081271e+01,9.50000000e-01,-2.88894005e+01,9.50000000e-01,-3.20591055e+01,9.50000000e-01,-2.90572580e+01,9.50000000e-01,-2.77682717e+01,
9.60000000e-01,-6.46235364e-01,9.60000000e-01,-6.49953999e-01,9.60000000e-01,-1.01285713e-01,9.60000000e-01,-3.24242031e+01,9.60000000e-01,-2.92316058e+01,9.60000000e-01,-3.24759022e+01,9.60000000e-01,-2.94000435e+01,9.60000000e-01,-2.80606877e+01,
9.70000000e-01,-6.15493358e-01,9.70000000e-01,-6.19096697e-01,9.70000000e-01,-9.89204759e-02,9.70000000e-01,-3.28248796e+01,9.70000000e-01,-2.95579565e+01,9.70000000e-01,-3.28771262e+01,9.70000000e-01,-2.97263948e+01,9.70000000e-01,-2.83458757e+01,
9.80000000e-01,-5.85868241e-01,9.80000000e-01,-5.89351676e-01,9.80000000e-01,-9.53910483e-02,9.80000000e-01,-3.32100229e+01,9.80000000e-01,-2.98688484e+01,9.80000000e-01,-3.32626270e+01,9.80000000e-01,-3.00366793e+01,9.80000000e-01,-2.86242678e+01,
9.90000000e-01,-5.57302178e-01,9.90000000e-01,-5.60661277e-01,9.90000000e-01,-9.08425416e-02,9.90000000e-01,-3.35793244e+01,9.90000000e-01,-3.01645223e+01,9.90000000e-01,-3.36320789e+01,9.90000000e-01,-3.03311115e+01,9.90000000e-01,-2.88962125e+01,
1.00000000e+00,-5.29743823e-01,1.00000000e+00,-5.32974314e-01,1.00000000e+00,-8.53988150e-02,1.00000000e+00,-3.39323257e+01,1.00000000e+00,-3.04450918e+01,1.00000000e+00,-3.39850066e+01,1.00000000e+00,-3.06097810e+01,1.00000000e+00,-2.91619787e+01,
1.01000000e+00,-5.03146795e-01,1.01000000e+00,-5.06244552e-01,1.01000000e+00,-7.91652645e-02,1.01000000e+00,-3.42684422e+01,1.01000000e+00,-3.07105670e+01,1.01000000e+00,-3.43208095e+01,1.01000000e+00,-3.08726776e+01,1.01000000e+00,-2.94217586e+01,
1.02000000e+00,-4.77468536e-01,1.02000000e+00,-4.80429572e-01,1.02000000e+00,-7.22312311e-02,1.02000000e+00,-3.45869869e+01,1.02000000e+00,-3.09608761e+01,1.02000000e+00,-3.46387858e+01,1.02000000e+00,-3.11197130e+01,1.02000000e+00,-2.96756718e+01,
1.03000000e+00,-4.52669469e-01,1.03000000e+00,-4.55489937e-01,1.03000000e+00,-6.46720795e-02,1.03000000e+00,-3.48871939e+01,1.03000000e+00,-3.11958837e+01,1.03000000e+00,-3.49381562e+01,1.03000000e+00,-3.13507406e+01,1.03000000e+00,-2.99237685e+01,
1.04000000e+00,-4.28712386e-01,1.04000000e+00,-4.31388571e-01,1.04000000e+00,-5.65509931e-02,1.04000000e+00,-3.51682419e+01,1.04000000e+00,-3.14154075e+01,1.04000000e+00,-3.52180886e+01,1.04000000e+00,-3.15655721e+01,1.04000000e+00,-3.01660326e+01,
1.05000000e+00,-4.05561993e-01,1.05000000e+00,-4.08090321e-01,1.05000000e+00,-4.79205267e-02,1.05000000e+00,-3.54292786e+01,1.05000000e+00,-3.16192333e+01,1.05000000e+00,-3.54777227e+01,1.05000000e+00,-3.17639940e+01,1.05000000e+00,-3.04023848e+01,
1.06000000e+00,-3.83184599e-01,1.06000000e+00,-3.85561638e-01,1.06000000e+00,-3.88239510e-02,1.06000000e+00,-3.56694448e+01,1.06000000e+00,-3.18071285e+01,1.06000000e+00,-3.57161951e+01,1.06000000e+00,-3.19457814e+01,1.06000000e+00,-3.06326847e+01,
1.07000000e+00,-3.61547888e-01,1.07000000e+00,-3.63770356e-01,1.07000000e+00,-2.92964176e-02,1.07000000e+00,-3.58878997e+01,1.07000000e+00,-3.19788546e+01,1.07000000e+00,-3.59326643e+01,1.07000000e+00,-3.21107106e+01,1.07000000e+00,-3.08567338e+01,
1.08000000e+00,-3.40620776e-01,1.08000000e+00,-3.42685545e-01,1.08000000e+00,-1.93659666e-02,1.08000000e+00,-3.60838442e+01,1.08000000e+00,-3.21341783e+01,1.08000000e+00,-3.61263355e+01,1.08000000e+00,-3.22585711e+01,1.08000000e+00,-3.10742771e+01,
1.09000000e+00,-3.20373311e-01,1.09000000e+00,-3.22277418e-01,1.09000000e+00,-9.05439963e-03,1.09000000e+00,-3.62565455e+01,1.09000000e+00,-3.22728813e+01,1.09000000e+00,-3.62964847e+01,1.09000000e+00,-3.23891751e+01,1.09000000e+00,-3.12850056e+01,
1.10000000e+00,-3.00776619e-01,1.10000000e+00,-3.02517271e-01,1.10000000e+00,1.62196660e-03,1.10000000e+00,-3.64053584e+01,1.10000000e+00,-3.23947695e+01,1.10000000e+00,-3.64424806e+01,1.10000000e+00,-3.25023668e+01,1.10000000e+00,-3.14885586e+01,
1.11000000e+00,-2.81802878e-01,1.11000000e+00,-2.83377460e-01,1.11000000e+00,1.26516490e-02,1.11000000e+00,-3.65297460e+01,1.11000000e+00,-3.24996805e+01,1.11000000e+00,-3.65638048e+01,1.11000000e+00,-3.25980294e+01,1.11000000e+00,-3.16845258e+01,
1.12000000e+00,-2.63425307e-01,1.12000000e+00,-2.64831395e-01,1.12000000e+00,2.40274378e-02,1.12000000e+00,-3.66292964e+01,1.12000000e+00,-3.25874899e+01,1.12000000e+00,-3.66600691e+01,1.12000000e+00,-3.26760916e+01,1.12000000e+00,-3.18724500e+01,
1.13000000e+00,-2.45618186e-01,1.13000000e+00,-2.46853549e-01,1.13000000e+00,3.57459148e-02,1.13000000e+00,-3.67037370e+01,1.13000000e+00,-3.26581170e+01,1.13000000e+00,-3.67310285e+01,1.13000000e+00,-3.27365319e+01,1.13000000e+00,-3.20518301e+01,
1.14000000e+00,-2.28356871e-01,1.14000000e+00,-2.29419483e-01,1.14000000e+00,4.78070413e-02,1.14000000e+00,-3.67529441e+01,1.14000000e+00,-3.27115284e+01,1.14000000e+00,-3.67765907e+01,1.14000000e+00,-3.27793813e+01,1.14000000e+00,-3.22221244e+01,
1.15000000e+00,-2.11617831e-01,1.15000000e+00,-2.12505877e-01,1.15000000e+00,6.02138056e-02,1.15000000e+00,-3.67769482e+01,1.15000000e+00,-3.27477404e+01,1.15000000e+00,-3.67968203e+01,1.15000000e+00,-3.28047255e+01,1.15000000e+00,-3.23827546e+01,
1.16000000e+00,-1.95378690e-01,1.16000000e+00,-1.96090573e-01,1.16000000e+00,7.29719233e-02,1.16000000e+00,-3.67759349e+01,1.16000000e+00,-3.27668206e+01,1.16000000e+00,-3.67919396e+01,1.16000000e+00,-3.28127047e+01,1.16000000e+00,-3.25331102e+01,
1.17000000e+00,-1.79618277e-01,1.17000000e+00,-1.80152624e-01,1.17000000e+00,8.60895843e-02,1.17000000e+00,-3.67502415e+01,1.17000000e+00,-3.27688879e+01,1.17000000e+00,-3.67623231e+01,1.17000000e+00,-3.28035124e+01,1.17000000e+00,-3.26725535e+01,
1.18000000e+00,-1.64316687e-01,1.18000000e+00,-1.64672355e-01,1.18000000e+00,9.95772376e-02,1.18000000e+00,-3.67003486e+01,1.18000000e+00,-3.27541105e+01,1.18000000e+00,-3.67084892e+01,1.18000000e+00,-3.27773927e+01,1.18000000e+00,-3.28004261e+01,
1.19000000e+00,-1.49455352e-01,1.19000000e+00,-1.49631428e-01,1.19000000e+00,1.13447412e-01,1.19000000e+00,-3.66268686e+01,1.19000000e+00,-3.27227042e+01,1.19000000e+00,-3.66310869e+01,1.19000000e+00,-3.27346367e+01,1.19000000e+00,-3.29160546e+01,
1.20000000e+00,-1.35017119e-01,1.20000000e+00,-1.35012931e-01,1.20000000e+00,1.27714565e-01,1.20000000e+00,-3.65305305e+01,1.20000000e+00,-3.26749286e+01,1.20000000e+00,-3.65308804e+01,1.20000000e+00,-3.26755777e+01,1.20000000e+00,-3.30187585e+01,
1.21000000e+00,-1.20986355e-01,1.21000000e+00,-1.20801467e-01,1.21000000e+00,1.42394954e-01,1.21000000e+00,-3.64121628e+01,1.21000000e+00,-3.26110821e+01,1.21000000e+00,-3.64087307e+01,1.21000000e+00,-3.26005857e+01,1.21000000e+00,-3.31078580e+01,
1.22000000e+00,-1.07349053e-01,1.22000000e+00,-1.06983271e-01,1.22000000e+00,1.57506534e-01,1.22000000e+00,-3.62726737e+01,1.22000000e+00,-3.25314971e+01,1.22000000e+00,-3.62655758e+01,1.22000000e+00,-3.25100609e+01,1.22000000e+00,-3.31826824e+01,
1.23000000e+00,-9.40929732e-02,1.23000000e+00,-9.35463426e-02,1.23000000e+00,1.73068864e-01,1.23000000e+00,-3.61130315e+01,1.23000000e+00,-3.24365342e+01,1.23000000e+00,-3.61024104e+01,1.23000000e+00,-3.24044268e+01,1.23000000e+00,-3.32425789e+01,
1.24000000e+00,-8.12077981e-02,1.24000000e+00,-8.04806059e-02,1.24000000e+00,1.89103031e-01,1.24000000e+00,-3.59342445e+01,1.24000000e+00,-3.23265748e+01,1.24000000e+00,-3.59202650e+01,1.24000000e+00,-3.22841235e+01,1.24000000e+00,-3.32869223e+01,
1.25000000e+00,-6.86853243e-02,1.25000000e+00,-6.77780956e-02,1.25000000e+00,2.05631584e-01,1.25000000e+00,-3.57373410e+01,1.25000000e+00,-3.22020152e+01,1.25000000e+00,-3.57201865e+01,1.25000000e+00,-3.21495996e+01,1.25000000e+00,-3.33151233e+01,
1.26000000e+00,-5.65196845e-02,1.26000000e+00,-5.54331810e-02,1.26000000e+00,2.22678469e-01,1.26000000e+00,-3.55233504e+01,1.26000000e+00,-3.20632591e+01,1.26000000e+00,-3.55032192e+01,1.26000000e+00,-3.20013055e+01,1.26000000e+00,-3.33266384e+01,
1.27000000e+00,-4.47076110e-02,1.27000000e+00,-4.34428278e-02,1.27000000e+00,2.40268972e-01,1.27000000e+00,-3.52932866e+01,1.27000000e+00,-3.19107103e+01,1.27000000e+00,-3.52703879e+01,1.27000000e+00,-3.18396852e+01,1.27000000e+00,-3.33209781e+01,
1.28000000e+00,-3.32487475e-02,1.28000000e+00,-3.18069098e-02,1.28000000e+00,2.58429664e-01,1.28000000e+00,-3.50481318e+01,1.28000000e+00,-3.17447655e+01,1.28000000e+00,-3.50226824e+01,1.28000000e+00,-3.16651698e+01,1.28000000e+00,-3.32977147e+01,
1.29000000e+00,-2.21460153e-02,1.29000000e+00,-2.05285744e-02,1.29000000e+00,2.77188335e-01,1.29000000e+00,-3.47888229e+01,1.29000000e+00,-3.15658074e+01,1.29000000e+00,-3.47610438e+01,1.29000000e+00,-3.14781697e+01,1.29000000e+00,-3.32564896e+01,
1.30000000e+00,-1.14060443e-02,1.30000000e+00,-9.61467399e-03,1.30000000e+00,2.96573937e-01,1.30000000e+00,-3.45162393e+01,1.30000000e+00,-3.13741970e+01,1.30000000e+00,-3.44863532e+01,1.30000000e+00,-3.12790680e+01,1.30000000e+00,-3.31970184e+01,
1.31000000e+00,-1.03967961e-03,1.31000000e+00,9.23727880e-04,1.31000000e+00,3.16616505e-01,1.31000000e+00,-3.42311932e+01,1.31000000e+00,-3.11702669e+01,1.31000000e+00,-3.41994216e+01,1.31000000e+00,-3.10682136e+01,1.31000000e+00,-3.31190957e+01,
1.32000000e+00,8.93742484e-03,1.32000000e+00,1.10707618e-02,1.32000000e+00,3.37347080e-01,1.32000000e+00,-3.39344201e+01,1.32000000e+00,-3.09543141e+01,1.32000000e+00,-3.39009813e+01,1.32000000e+00,-3.08459147e+01,1.32000000e+00,-3.30225976e+01,
1.33000000e+00,1.85041102e-02,1.33000000e+00,2.08050561e-02,1.33000000e+00,3.58797617e-01,1.33000000e+00,-3.36265719e+01,1.33000000e+00,-3.07265928e+01,1.33000000e+00,-3.35916795e+01,1.33000000e+00,-3.06124316e+01,1.33000000e+00,-3.29074823e+01,
1.34000000e+00,2.76328977e-02,1.34000000e+00,3.00989201e-02,1.34000000e+00,3.81000885e-01,1.34000000e+00,-3.33082104e+01,1.34000000e+00,-3.04873074e+01,1.34000000e+00,-3.32720717e+01,1.34000000e+00,-3.03679707e+01,1.34000000e+00,-3.27737899e+01,
1.35000000e+00,3.62890339e-02,1.35000000e+00,3.89173879e-02,1.35000000e+00,4.03990351e-01,1.35000000e+00,-3.29798018e+01,1.35000000e+00,-3.02366049e+01,1.35000000e+00,-3.29426166e+01,1.35000000e+00,-3.01126767e+01,1.35000000e+00,-3.26216390e+01,
1.36000000e+00,4.44293726e-02,1.36000000e+00,4.72170976e-02,1.36000000e+00,4.27800052e-01,1.36000000e+00,-3.26417112e+01,1.36000000e+00,-2.99745669e+01,1.36000000e+00,-3.26036713e+01,1.36000000e+00,-2.98466259e+01,1.36000000e+00,-3.24512233e+01,
1.37000000e+00,5.20010641e-02,1.37000000e+00,5.49449775e-02,1.37000000e+00,4.52464466e-01,1.37000000e+00,-3.22941980e+01,1.37000000e+00,-2.97012010e+01,1.37000000e+00,-3.22554863e+01,1.37000000e+00,-2.95698176e+01,1.37000000e+00,-3.22628051e+01,
1.38000000e+00,5.89400144e-02,1.38000000e+00,6.20367018e-02,1.38000000e+00,4.78018359e-01,1.38000000e+00,-3.19374100e+01,1.38000000e+00,-2.94164315e+01,1.38000000e+00,-3.18982006e+01,1.38000000e+00,-2.92821651e+01,1.38000000e+00,-3.20567087e+01,
1.39000000e+00,6.51690732e-02,1.39000000e+00,6.84148736e-02,1.39000000e+00,5.04496644e-01,1.39000000e+00,-3.15713777e+01,1.39000000e+00,-2.91200881e+01,1.39000000e+00,-3.15318354e+01,1.39000000e+00,-2.89834857e+01,1.39000000e+00,-3.18333123e+01,
1.40000000e+00,7.05958926e-02,1.40000000e+00,7.39868778e-02,1.40000000e+00,5.31934228e-01,1.40000000e+00,-3.11960070e+01,1.40000000e+00,-2.88118939e+01,1.40000000e+00,-3.11562874e+01,1.40000000e+00,-2.86734879e+01,1.40000000e+00,-3.15930394e+01,
1.41000000e+00,7.51103892e-02,1.41000000e+00,7.86423362e-02,1.41000000e+00,5.60365867e-01,1.41000000e+00,-3.08110706e+01,1.41000000e+00,-2.84914506e+01,1.41000000e+00,-3.07713206e+01,1.41000000e+00,-2.83517580e+01,1.41000000e+00,-3.13363499e+01,
1.42000000e+00,7.85817193e-02,1.42000000e+00,8.22500726e-02,1.42000000e+00,5.89826029e-01,1.42000000e+00,-3.04161978e+01,1.42000000e+00,-2.81582211e+01,1.42000000e+00,-3.03765554e+01,1.42000000e+00,-2.80177424e+01,1.42000000e+00,-3.10637316e+01,
1.43000000e+00,8.08546508e-02,1.43000000e+00,8.46544753e-02,1.43000000e+00,6.20348757e-01,1.43000000e+00,-3.00108615e+01,1.43000000e+00,-2.78115085e+01,1.43000000e+00,-2.99714563e+01,1.43000000e+00,-2.76707273e+01,1.43000000e+00,-3.07756928e+01,
1.44000000e+00,8.17451892e-02,1.44000000e+00,8.56711109e-02,1.44000000e+00,6.51967539e-01,1.44000000e+00,-2.95943626e+01,1.44000000e+00,-2.74504316e+01,1.44000000e+00,-2.95553161e+01,1.44000000e+00,-2.73098136e+01,1.44000000e+00,-3.04727567e+01,
1.45000000e+00,8.10352579e-02,1.45000000e+00,8.50813867e-02,1.45000000e+00,6.84715127e-01,1.45000000e+00,-2.91658114e+01,1.45000000e+00,-2.70738939e+01,1.45000000e+00,-2.91272371e+01,1.45000000e+00,-2.69338874e+01,1.45000000e+00,-3.01554592e+01,
1.46000000e+00,7.84661712e-02,1.46000000e+00,8.26260047e-02,1.46000000e+00,7.18623253e-01,1.46000000e+00,-2.87241045e+01,1.46000000e+00,-2.66805479e+01,1.46000000e+00,-2.86861088e+01,1.46000000e+00,-2.65415826e+01,1.46000000e+00,-2.98243512e+01,
1.47000000e+00,7.37305653e-02,1.47000000e+00,7.79968665e-02,1.47000000e+00,7.53722081e-01,1.47000000e+00,-2.82678989e+01,1.47000000e+00,-2.62687507e+01,1.47000000e+00,-2.82305810e+01,1.47000000e+00,-2.61312378e+01,1.47000000e+00,-2.94800097e+01,
1.48000000e+00,6.64623357e-02,1.48000000e+00,7.08269799e-02,1.48000000e+00,7.90039094e-01,1.48000000e+00,-2.77955814e+01,1.48000000e+00,-2.58365126e+01,1.48000000e+00,-2.77590335e+01,1.48000000e+00,-2.57008432e+01,1.48000000e+00,-2.91230599e+01,
1.49000000e+00,5.62239976e-02,1.49000000e+00,6.06777788e-02,1.49000000e+00,8.27596898e-01,1.49000000e+00,-2.73052354e+01,1.49000000e+00,-2.53814351e+01,1.49000000e+00,-2.72695427e+01,1.49000000e+00,-2.52479798e+01,1.49000000e+00,-2.87542164e+01,
1.50000000e+00,4.24907172e-02,1.50000000e+00,4.70231027e-02,1.50000000e+00,8.66408912e-01,1.50000000e+00,-2.67946059e+01,1.50000000e+00,-2.49006426e+01,1.50000000e+00,-2.67598469e+01,1.50000000e+00,-2.47697488e+01,1.50000000e+00,-2.83743526e+01,
1.51000000e+00,2.46300891e-02,1.51000000e+00,2.92289077e-02,1.51000000e+00,9.06471238e-01,1.51000000e+00,-2.62610679e+01,1.51000000e+00,-2.43907070e+01,1.51000000e+00,-2.62273139e+01,1.51000000e+00,-2.42626957e+01,1.51000000e+00,-2.79846126e+01,
1.52000000e+00,1.87658744e-03,1.52000000e+00,6.52763370e-03,1.52000000e+00,9.47747690e-01,1.52000000e+00,-2.57016045e+01,1.52000000e+00,-2.38475736e+01,1.52000000e+00,-2.56689190e+01,1.52000000e+00,-2.37227349e+01,1.52000000e+00,-2.75865868e+01,
1.53000000e+00,-2.67003919e-02,1.53000000e+00,-2.20138581e-02,1.53000000e+00,9.90143065e-01,1.53000000e+00,-2.51128071e+01,1.53000000e+00,-2.32665034e+01,1.53000000e+00,-2.50812451e+01,1.53000000e+00,-2.31450904e+01,1.53000000e+00,-2.71825812e+01,
1.54000000e+00,-6.22356268e-02,1.54000000e+00,-5.75335033e-02,1.54000000e+00,1.03345701e+00,1.54000000e+00,-2.44909196e+01,1.54000000e+00,-2.26420579e+01,1.54000000e+00,-2.44605264e+01,1.54000000e+00,-2.25242785e+01,1.54000000e+00,-2.67760171e+01,
1.55000000e+00,-1.06154517e-01,1.55000000e+00,-1.01461375e-01,1.55000000e+00,1.07726793e+00,1.55000000e+00,-2.38319776e+01,1.55000000e+00,-2.19681964e+01,1.55000000e+00,-2.38027877e+01,1.55000000e+00,-2.18542056e+01,1.55000000e+00,-2.63720833e+01,
1.56000000e+00,-1.60246302e-01,1.56000000e+00,-1.55590843e-01,1.56000000e+00,1.12079839e+00,1.56000000e+00,-2.31320711e+01,1.56000000e+00,-2.12385467e+01,1.56000000e+00,-2.31041068e+01,1.56000000e+00,-2.11284346e+01,1.56000000e+00,-2.59785255e+01,
1.57000000e+00,-2.26482402e-01,1.57000000e+00,-2.21897828e-01,1.57000000e+00,1.16295627e+00,1.57000000e+00,-2.23876537e+01,1.57000000e+00,-2.04467985e+01,1.57000000e+00,-2.23609238e+01,1.57000000e+00,-2.03405865e+01,1.57000000e+00,-2.56061549e+01,
1.58000000e+00,-3.07127100e-01,1.58000000e+00,-3.02653521e-01,1.58000000e+00,1.20203997e+00,1.58000000e+00,-2.15962541e+01,1.58000000e+00,-1.95876989e+01,1.58000000e+00,-2.15707554e+01,1.58000000e+00,-1.94853460e+01,1.58000000e+00,-2.52704301e+01,
1.59000000e+00,-4.04902766e-01,1.59000000e+00,-4.00586942e-01,1.59000000e+00,1.23538306e+00,1.59000000e+00,-2.07575138e+01,1.59000000e+00,-1.86586228e+01,1.59000000e+00,-2.07332324e+01,1.59000000e+00,-1.85600427e+01,1.59000000e+00,-2.49927249e+01,
1.60000000e+00,-5.22749671e-01,1.60000000e+00,-5.18643430e-01,1.60000000e+00,1.25941970e+00,1.60000000e+00,-1.98742933e+01,1.60000000e+00,-1.76614308e+01,1.60000000e+00,-1.98512087e+01,1.60000000e+00,-1.75665290e+01,1.60000000e+00,-2.48004254e+01,
1.61000000e+00,-6.63549603e-01,1.61000000e+00,-6.59706664e-01,1.61000000e+00,1.26992765e+00,1.61000000e+00,-1.89537889e+01,1.61000000e+00,-1.66044048e+01,1.61000000e+00,-1.89318797e+01,1.61000000e+00,-1.65131275e+01,1.61000000e+00,-2.47267765e+01,
1.62000000e+00,-8.29697423e-01,1.62000000e+00,-8.26167961e-01,1.62000000e+00,1.26256594e+00,1.62000000e+00,-1.80081616e+01,1.62000000e+00,-1.55033336e+01,1.62000000e+00,-1.79874109e+01,1.62000000e+00,-1.54157098e+01,1.62000000e+00,-2.48100030e+01,
1.63000000e+00,-1.02256941e+00,1.63000000e+00,-1.01939304e+00,1.63000000e+00,1.23349833e+00,1.63000000e+00,-1.70541218e+01,1.63000000e+00,-1.43807040e+01,1.63000000e+00,-1.70345189e+01,1.63000000e+00,-1.42968498e+01,1.63000000e+00,-2.50932137e+01,
1.64000000e+00,-1.24204377e+00,1.64000000e+00,-1.23924290e+00,1.64000000e+00,1.17975486e+00,1.64000000e+00,-1.61111548e+01,1.64000000e+00,-1.32625664e+01,1.64000000e+00,-1.60926913e+01,1.64000000e+00,-1.31826397e+01,1.64000000e+00,-2.56282097e+01,
1.65000000e+00,-1.48628078e+00,1.65000000e+00,-1.48385684e+00,1.65000000e+00,1.09919318e+00,1.65000000e+00,-1.51986816e+01,1.65000000e+00,-1.21739519e+01,1.65000000e+00,-1.51813429e+01,1.65000000e+00,-1.20980748e+01,1.65000000e+00,-2.64881137e+01,
1.66000000e+00,-1.75189727e+00,1.66000000e+00,-1.74983146e+00,1.66000000e+00,9.90297118e-01,1.66000000e+00,-1.43330846e+01,1.66000000e+00,-1.11347179e+01,1.66000000e+00,-1.43168407e+01,1.66000000e+00,-1.10629105e+01,1.66000000e+00,-2.77976896e+01,
1.67000000e+00,-2.03448890e+00,1.67000000e+00,-2.03274696e+00,1.67000000e+00,8.52143029e-01,1.67000000e+00,-1.35256646e+01,1.67000000e+00,-1.01574184e+01,1.67000000e+00,-1.35104651e+01,1.67000000e+00,-1.00895739e+01,1.67000000e+00,-2.98083649e+01,
1.68000000e+00,-2.32929182e+00,1.68000000e+00,-2.32783054e+00,1.68000000e+00,6.84599617e-01,1.68000000e+00,-1.27820802e+01,1.68000000e+00,-9.24748733e+00,1.68000000e+00,-1.27678553e+01,1.68000000e+00,-9.18339086e+00,1.68000000e+00,-3.31431676e+01,
1.69000000e+00,-2.63175290e+00,1.69000000e+00,-2.63052618e+00,1.69000000e+00,4.88566839e-01,1.69000000e+00,-1.21030832e+01,1.69000000e+00,-8.40488943e+00,1.69000000e+00,-1.20897498e+01,1.69000000e+00,-8.34425833e+00,1.69000000e+00,-4.02319283e+01,
1.70000000e+00,-2.93788365e+00,1.70000000e+00,-2.93684681e+00,1.70000000e+00,2.66049235e-01,1.70000000e+00,-1.14859218e+01,1.70000000e+00,-7.62614079e+00,1.70000000e+00,-1.14733906e+01,1.70000000e+00,-7.56866568e+00,1.70000000e+00,-4.67668669e+01,
1.71000000e+00,-3.24440009e+00,1.71000000e+00,-3.24351240e+00,1.71000000e+00,2.00052297e-02,1.71000000e+00,-1.09257994e+01,1.71000000e+00,-6.90599757e+00,1.71000000e+00,-1.09139818e+01,1.71000000e+00,-6.85137217e+00,1.71000000e+00,-3.35688129e+01,
1.72000000e+00,-3.54871918e+00,1.72000000e+00,-3.54794505e+00,1.72000000e+00,-2.45960375e-01,1.72000000e+00,-1.04170405e+01,1.72000000e+00,-6.23859358e+00,1.72000000e+00,-1.04058534e+01,1.72000000e+00,-6.18653178e+00,1.72000000e+00,-2.80981504e+01,
1.73000000e+00,-3.84888696e+00,1.73000000e+00,-3.84819646e+00,1.73000000e+00,-5.27954292e-01,1.73000000e+00,-9.95387232e+00,1.73000000e+00,-5.61809096e+00,1.73000000e+00,-9.94324051e+00,1.73000000e+00,-5.56833409e+00,1.73000000e+00,-2.44826334e+01,
1.74000000e+00,-4.14348799e+00,1.74000000e+00,-4.14285695e+00,1.74000000e+00,-8.22118157e-01,1.74000000e+00,-9.53087466e+00,1.74000000e+00,-5.03899308e+00,1.74000000e+00,-9.52073195e+00,1.74000000e+00,-4.99131097e+00,1.74000000e+00,-2.17441550e+01,
1.75000000e+00,-4.43155896e+00,1.75000000e+00,-4.43096884e+00,1.75000000e+00,-1.12487259e+00,1.75000000e+00,-9.14319627e+00,1.75000000e+00,-4.49625220e+00,1.75000000e+00,-9.13348552e+00,1.75000000e+00,-4.45044081e+00,1.75000000e+00,-1.95286151e+01,
1.76000000e+00,-4.71251218e+00,1.76000000e+00,-4.71194978e+00,1.76000000e+00,-1.43307080e+00,1.76000000e+00,-8.78662512e+00,1.76000000e+00,-3.98526160e+00,1.76000000e+00,-8.77729769e+00,1.76000000e+00,-3.94113868e+00,1.76000000e+00,-1.76659465e+01,
1.77000000e+00,-4.98606794e+00,1.77000000e+00,-4.98552487e+00,1.77000000e+00,-1.74407100e+00,1.77000000e+00,-8.45757700e+00,1.77000000e+00,-3.50178500e+00,1.77000000e+00,-8.44859197e+00,1.77000000e+00,-3.45918480e+00,1.77000000e+00,-1.60603724e+01,
1.78000000e+00,-5.25219265e+00,1.78000000e+00,-5.25166471e+00,1.78000000e+00,-2.05574570e+00,1.78000000e+00,-8.15304326e+00,1.78000000e+00,-3.04185429e+00,1.78000000e+00,-8.14436642e+00,1.78000000e+00,-3.00062160e+00,1.78000000e+00,-1.46520531e+01,
1.79000000e+00,-5.51104146e+00,1.79000000e+00,-5.51052783e+00,1.79000000e+00,-2.36644778e+00,1.79000000e+00,-7.87052189e+00,1.79000000e+00,-2.60165918e+00,1.79000000e+00,-7.86212484e+00,1.79000000e+00,-2.56164376e+00,1.79000000e+00,-1.34007837e+01,
1.80000000e+00,-5.76290506e+00,1.80000000e+00,-5.76240746e+00,1.80000000e+00,-2.67495088e+00,1.80000000e+00,-7.60794600e+00,1.80000000e+00,-2.17746099e+00,1.80000000e+00,-7.59980530e+00,1.80000000e+00,-2.13851424e+00,1.80000000e+00,-1.22780835e+01,
1.81000000e+00,-6.00816210e+00,1.81000000e+00,-6.00768396e+00,1.81000000e+00,-2.98037849e+00,1.81000000e+00,-7.36361717e+00,1.81000000e+00,-1.76558615e+00,1.81000000e+00,-7.35571354e+00,1.81000000e+00,-1.72756387e+00,1.81000000e+00,-1.12629615e+01,
1.82000000e+00,-6.24723846e+00,1.82000000e+00,-6.24678415e+00,1.82000000e+00,-3.28213203e+00,1.82000000e+00,-7.13614740e+00,1.82000000e+00,-1.36258821e+00,1.82000000e+00,-7.12846512e+00,1.82000000e+00,-1.32536537e+00,1.82000000e+00,-1.03394700e+01,
1.83000000e+00,-6.48057475e+00,1.83000000e+00,-6.48014896e+00,1.83000000e+00,-3.57982498e+00,1.83000000e+00,-6.92441125e+00,1.83000000e+00,-9.65681867e-01,1.83000000e+00,-6.91693764e+00,1.83000000e+00,-9.29185549e-01,1.83000000e+00,-9.49520121e+00,
1.84000000e+00,-6.70860220e+00,1.84000000e+00,-6.70820950e+00,1.84000000e+00,-3.87322668e+00,1.84000000e+00,-6.72750806e+00,1.84000000e+00,-5.73491930e-01,1.84000000e+00,-6.72023312e+00,1.84000000e+00,-5.37752190e-01,1.84000000e+00,-8.72031739e+00,
1.85000000e+00,-6.93172673e+00,1.85000000e+00,-6.93137120e+00,1.85000000e+00,-4.16221732e+00,1.85000000e+00,-6.54473364e+00,1.85000000e+00,-1.86978641e-01,1.85000000e+00,-6.53764981e+00,1.85000000e+00,-1.52184396e-01,1.85000000e+00,-8.00689952e+00,
1.86000000e+00,-7.15031980e+00,1.86000000e+00,-7.15000491e+00,1.86000000e+00,-4.44675362e+00,1.86000000e+00,-6.37555994e+00,1.86000000e+00,1.89820972e-01,1.86000000e+00,-6.36866194e+00,1.86000000e+00,2.23285422e-01,1.86000000e+00,-7.34849673e+00,
1.87000000e+00,-7.36471474e+00,1.87000000e+00,-7.36444325e+00,1.87000000e+00,-4.72684394e+00,1.87000000e+00,-6.21962122e+00,1.87000000e+00,5.49631822e-01,1.87000000e+00,-6.21290597e+00,1.87000000e+00,5.81189306e-01,1.87000000e+00,-6.73980740e+00,
1.88000000e+00,-7.57520680e+00,1.88000000e+00,-7.57498080e+00,1.88000000e+00,-5.00253079e+00,1.88000000e+00,-6.07670498e+00,1.88000000e+00,8.82486371e-01,1.88000000e+00,-6.07017164e+00,1.88000000e+00,9.11408920e-01,1.88000000e+00,-6.17644993e+00,
1.89000000e+00,-7.78205556e+00,1.89000000e+00,-7.78187651e+00,1.89000000e+00,-5.27387902e+00,1.89000000e+00,-5.94674587e+00,1.89000000e+00,1.17678122e+00,1.89000000e+00,-5.94039586e+00,1.89000000e+00,1.20225971e+00,1.89000000e+00,-5.65479636e+00,
1.90000000e+00,-7.98548854e+00,1.90000000e+00,-7.98535731e+00,1.90000000e+00,-5.54096784e+00,1.90000000e+00,-5.82982072e+00,1.90000000e+00,1.42061771e+00,1.90000000e+00,-5.82365775e+00,1.90000000e+00,1.44185328e+00,1.90000000e+00,-5.17185152e+00,
1.91000000e+00,-8.18570512e+00,1.91000000e+00,-8.18562214e+00,1.91000000e+00,-5.80388558e+00,1.91000000e+00,-5.72614235e+00,1.91000000e+00,1.60339294e+00,1.91000000e+00,-5.72017249e+00,1.91000000e+00,1.61971249e+00,1.91000000e+00,-4.72516577e+00,
1.92000000e+00,-8.38288050e+00,1.92000000e+00,-8.38284578e+00,1.92000000e+00,-6.06272607e+00,1.92000000e+00,-5.63604986e+00,1.92000000e+00,1.71761850e+00,1.92000000e+00,-5.63028142e+00,1.92000000e+00,1.72860283e+00,1.92000000e+00,-4.31277305e+00,
1.93000000e+00,-8.57716913e+00,1.93000000e+00,-8.57718238e+00,1.93000000e+00,-6.31758620e+00,1.93000000e+00,-5.55999213e+00,1.93000000e+00,1.76058482e+00,1.93000000e+00,-5.55443556e+00,1.93000000e+00,1.76616724e+00,1.93000000e+00,-3.93314832e+00,
1.94000000e+00,-8.76870788e+00,1.94000000e+00,-8.76876855e+00,1.94000000e+00,-6.56856417e+00,1.94000000e+00,-5.49850133e+00,1.94000000e+00,1.73511392e+00,1.94000000e+00,-5.49316885e+00,1.94000000e+00,1.73559502e+00,1.94000000e+00,-3.58517943e+00,
1.95000000e+00,-8.95761859e+00,1.95000000e+00,-8.95772593e+00,1.95000000e+00,-6.81575822e+00,1.95000000e+00,-5.45215317e+00,1.95000000e+00,1.64882834e+00,1.95000000e+00,-5.44705811e+00,1.95000000e+00,1.64478877e+00,1.95000000e+00,-3.26814880e+00,
1.96000000e+00,-9.14401033e+00,1.96000000e+00,-9.14416343e+00,1.96000000e+00,-7.05926570e+00,1.96000000e+00,-5.42151137e+00,1.96000000e+00,1.51216914e+00,1.96000000e+00,-5.41666732e+00,1.96000000e+00,1.50432229e+00,1.96000000e+00,-2.98171955e+00,
1.97000000e+00,-9.32798129e+00,1.97000000e+00,-9.32817910e+00,1.97000000e+00,-7.29918242e+00,1.97000000e+00,-5.40705656e+00,1.97000000e+00,1.33611198e+00,1.97000000e+00,-5.40247612e+00,1.97000000e+00,1.32516644e+00,1.97000000e+00,-2.72591921e+00,
1.98000000e+00,-9.50962031e+00,1.98000000e+00,-9.50986173e+00,1.98000000e+00,-7.53560223e+00,1.98000000e+00,-5.40910343e+00,1.98000000e+00,1.13050007e+00,1.98000000e+00,-5.40479676e+00,1.98000000e+00,1.11707646e+00,1.98000000e+00,-2.50111126e+00,
1.99000000e+00,-9.68900834e+00,1.99000000e+00,-9.68929217e+00,1.99000000e+00,-7.76861671e+00,1.99000000e+00,-5.42771529e+00,1.99000000e+00,9.03311162e-01,1.99000000e+00,-5.42368862e+00,1.99000000e+00,8.87915404e-01,1.99000000e+00,-2.30794170e+00,
2.00000000e+00,-9.86621947e+00,2.00000000e+00,-9.86654451e+00,2.00000000e+00,-7.99831502e+00,2.00000000e+00,-5.46263015e+00,2.00000000e+00,6.60639215e-01,2.00000000e+00,-5.45888444e+00,2.00000000e+00,6.43670494e-01,2.00000000e+00,-2.14724528e+00,
2.01000000e+00,-1.00413220e+01,2.01000000e+00,-1.00416870e+01,2.01000000e+00,-8.22478384e+00,2.01000000e+00,-5.51321507e+00,2.01000000e+00,4.07015795e-01,2.01000000e+00,-5.50974516e+00,2.01000000e+00,3.88787489e-01,2.01000000e+00,-2.01989692e+00,
2.02000000e+00,-1.02143794e+01,2.02000000e+00,-1.02147831e+01,2.02000000e+00,-8.44810737e+00,2.02000000e+00,-5.57846273e+00,2.02000000e+00,1.45798394e-01,2.02000000e+00,-5.57525723e+00,2.02000000e+00,1.26559274e-01,2.02000000e+00,-1.92660154e+00,
2.03000000e+00,-1.03854505e+01,2.03000000e+00,-1.03858917e+01,2.03000000e+00,-8.66836733e+00,2.03000000e+00,-5.65703657e+00,2.03000000e+00,-1.20499100e-01,2.03000000e+00,-5.65407851e+00,2.03000000e+00,-1.40547962e-01,2.03000000e+00,-1.86763415e+00,
2.04000000e+00,-1.05545909e+01,2.04000000e+00,-1.05550683e+01,2.04000000e+00,-8.88564308e+00,2.04000000e+00,-5.74735853e+00,2.04000000e+00,-3.89962954e-01,2.04000000e+00,-5.74462680e+00,2.04000000e+00,-4.10656016e-01,2.04000000e+00,-1.84257005e+00,
2.05000000e+00,-1.07218527e+01,2.05000000e+00,-1.07223651e+01,2.05000000e+00,-9.10001166e+00,2.05000000e+00,-5.84772310e+00,2.05000000e+00,-6.61111183e-01,2.05000000e+00,-5.84519416e+00,2.05000000e+00,-6.82309595e-01,2.05000000e+00,-1.85007273e+00,
2.06000000e+00,-1.08872854e+01,2.06000000e+00,-1.08878318e+01,2.06000000e+00,-9.31154789e+00,2.06000000e+00,-5.95641510e+00,2.06000000e+00,-9.32763910e-01,2.06000000e+00,-5.95406490e+00,2.06000000e+00,-9.54349774e-01,2.06000000e+00,-1.88781569e+00,
2.07000000e+00,-1.10509361e+01,2.07000000e+00,-1.10515152e+01,2.07000000e+00,-9.52032442e+00,2.07000000e+00,-6.07181121e+00,2.07000000e+00,-1.20400221e+00,2.07000000e+00,-6.06961666e+00,2.07000000e+00,-1.22587671e+00,2.07000000e+00,-1.95258739e+00,
2.08000000e+00,-1.12128497e+01,2.08000000e+00,-1.12134605e+01,2.08000000e+00,-9.72641184e+00,2.08000000e+00,-6.19245192e+00,2.08000000e+00,-1.47413066e+00,2.08000000e+00,-6.19039206e+00,2.08000000e+00,-1.49620974e+00,2.08000000e+00,-2.04056802e+00,
2.09000000e+00,-1.13730693e+01,2.09000000e+00,-1.13737108e+01,2.09000000e+00,-9.92987871e+00,2.09000000e+00,-6.31708068e+00,2.09000000e+00,-1.74259881e+00,2.09000000e+00,-6.31513725e+00,2.09000000e+00,-1.76480920e+00,2.09000000e+00,-2.14770376e+00,
2.10000000e+00,-1.15316362e+01,2.10000000e+00,-1.15323074e+01,2.10000000e+00,-1.01307917e+01,2.10000000e+00,-6.44465392e+00,2.10000000e+00,-2.00898208e+00,2.10000000e+00,-6.44281154e+00,2.10000000e+00,-2.03126105e+00,2.10000000e+00,-2.27007381e+00,
2.11000000e+00,-1.16885903e+01,2.11000000e+00,-1.16892901e+01,2.11000000e+00,-1.03292154e+01,2.11000000e+00,-6.57433010e+00,2.11000000e+00,-2.27297147e+00,2.11000000e+00,-6.57257618e+00,2.11000000e+00,-2.29526545e+00,2.11000000e+00,-2.40416482e+00,
2.12000000e+00,-1.18439700e+01,2.12000000e+00,-1.18446976e+01,2.12000000e+00,-1.05252128e+01,2.12000000e+00,-6.70544636e+00,2.12000000e+00,-2.53435691e+00,2.12000000e+00,-6.70377076e+00,2.12000000e+00,-2.55662027e+00,2.12000000e+00,-2.54701606e+00,
2.13000000e+00,-1.19978124e+01,2.13000000e+00,-1.19985669e+01,2.13000000e+00,-1.07188450e+01,2.13000000e+00,-6.83749011e+00,2.13000000e+00,-2.79301164e+00,2.13000000e+00,-6.83588478e+00,2.13000000e+00,-2.81520559e+00,2.13000000e+00,-2.69624767e+00,
2.14000000e+00,-1.21501535e+01,2.14000000e+00,-1.21509339e+01,2.14000000e+00,-1.09101712e+01,2.14000000e+00,-6.97007033e+00,2.14000000e+00,-3.04887662e+00,2.14000000e+00,-6.96852892e+00,2.14000000e+00,-3.07096827e+00,2.14000000e+00,-2.85000951e+00,
2.15000000e+00,-1.23010279e+01,2.15000000e+00,-1.23018336e+01,2.15000000e+00,-1.10992492e+01,2.15000000e+00,-7.10289176e+00,2.15000000e+00,-3.30194499e+00,2.15000000e+00,-7.10140926e+00,2.15000000e+00,-3.32390643e+00,2.15000000e+00,-3.00689170e+00,
2.16000000e+00,-1.24504693e+01,2.16000000e+00,-1.24512995e+01,2.16000000e+00,-1.12861347e+01,2.16000000e+00,-7.23573287e+00,2.16000000e+00,-3.55224668e+00,2.16000000e+00,-7.23430532e+00,2.16000000e+00,-3.57405416e+00,2.16000000e+00,-3.16582690e+00,
2.17000000e+00,-1.25985106e+01,2.17000000e+00,-1.25993645e+01,2.17000000e+00,-1.14708822e+01,2.17000000e+00,-7.36842813e+00,2.17000000e+00,-3.79983414e+00,2.17000000e+00,-7.36705237e+00,2.17000000e+00,-3.82146737e+00,2.17000000e+00,-3.32600145e+00,
2.18000000e+00,-1.27451833e+01,2.18000000e+00,-1.27460603e+01,2.18000000e+00,-1.16535444e+01,2.18000000e+00,-7.50085409e+00,2.18000000e+00,-4.04476990e+00,2.18000000e+00,-7.49952756e+00,2.18000000e+00,-4.06621148e+00,2.18000000e+00,-3.48678213e+00,
2.19000000e+00,-1.28905182e+01,2.19000000e+00,-1.28914176e+01,2.19000000e+00,-1.18341723e+01,2.19000000e+00,-7.63291865e+00,2.19000000e+00,-4.28711676e+00,2.19000000e+00,-7.63163925e+00,2.19000000e+00,-4.30835175e+00,2.19000000e+00,-3.64765911e+00,
2.20000000e+00,-1.30345452e+01,2.20000000e+00,-1.30354664e+01,2.20000000e+00,-1.20128156e+01,2.20000000e+00,-7.76455304e+00,2.20000000e+00,-4.52693086e+00,2.20000000e+00,-7.76331902e+00,2.20000000e+00,-4.54794641e+00,2.20000000e+00,-3.80820296e+00,
2.21000000e+00,-1.31772933e+01,2.21000000e+00,-1.31782357e+01,2.21000000e+00,-1.21895224e+01,2.21000000e+00,-7.89570580e+00,2.21000000e+00,-4.76425761e+00,2.21000000e+00,-7.89451568e+00,2.21000000e+00,-4.78504277e+00,2.21000000e+00,-3.96803326e+00,
2.22000000e+00,-1.33187908e+01,2.22000000e+00,-1.33197537e+01,2.22000000e+00,-1.23643395e+01,2.22000000e+00,-8.02633837e+00,2.22000000e+00,-4.99913012e+00,2.22000000e+00,-8.02519085e+00,2.22000000e+00,-5.01967562e+00,2.22000000e+00,-4.12679661e+00,
2.23000000e+00,-1.34590648e+01,2.23000000e+00,-1.34600478e+01,2.23000000e+00,-1.25373122e+01,2.23000000e+00,-8.15642176e+00,2.23000000e+00,-5.23156952e+00,2.23000000e+00,-8.15531570e+00,2.23000000e+00,-5.25186767e+00,2.23000000e+00,-4.28415320e+00,
2.24000000e+00,-1.35981421e+01,2.24000000e+00,-1.35991446e+01,2.24000000e+00,-1.27084843e+01,2.24000000e+00,-8.28593421e+00,2.24000000e+00,-5.46158658e+00,2.24000000e+00,-8.28486857e+00,2.24000000e+00,-5.48163119e+00,2.24000000e+00,-4.43977205e+00,
2.25000000e+00,-1.37360485e+01,2.25000000e+00,-1.37370701e+01,2.25000000e+00,-1.28778985e+01,2.25000000e+00,-8.41485938e+00,2.25000000e+00,-5.68918404e+00,2.25000000e+00,-8.41383322e+00,2.25000000e+00,-5.70897032e+00,2.25000000e+00,-4.59333557e+00,
2.26000000e+00,-1.38728091e+01,2.26000000e+00,-1.38738492e+01,2.26000000e+00,-1.30455961e+01,2.26000000e+00,-8.54318508e+00,2.26000000e+00,-5.91435918e+00,2.26000000e+00,-8.54219755e+00,2.26000000e+00,-5.93388366e+00,2.26000000e+00,-4.74455416e+00,
2.27000000e+00,-1.40084483e+01,2.27000000e+00,-1.40095065e+01,2.27000000e+00,-1.32116171e+01,2.27000000e+00,-8.67090234e+00,2.27000000e+00,-6.13710632e+00,2.27000000e+00,-8.66995263e+00,2.27000000e+00,-6.15636675e+00,2.27000000e+00,-4.89318947e+00,
2.28000000e+00,-1.41429898e+01,2.28000000e+00,-1.41440657e+01,2.28000000e+00,-1.33760005e+01,2.28000000e+00,-8.79800464e+00,2.28000000e+00,-6.35741895e+00,2.28000000e+00,-8.79709199e+00,2.28000000e+00,-6.37641421e+00,2.28000000e+00,-5.03908234e+00,
2.29000000e+00,-1.42764567e+01,2.29000000e+00,-1.42775498e+01,2.29000000e+00,-1.35387840e+01,2.29000000e+00,-8.92448745e+00,2.29000000e+00,-6.57529154e+00,2.29000000e+00,-8.92361114e+00,2.29000000e+00,-6.59402155e+00,2.29000000e+00,-5.18217813e+00,
2.30000000e+00,-1.44088715e+01,2.30000000e+00,-1.44099814e+01,2.30000000e+00,-1.37000039e+01,2.30000000e+00,-9.05034781e+00,2.30000000e+00,-6.79072090e+00,2.30000000e+00,-9.04950716e+00,2.30000000e+00,-6.80918648e+00,2.30000000e+00,-5.32254109e+00,
2.31000000e+00,-1.45402558e+01,2.31000000e+00,-1.45413821e+01,2.31000000e+00,-1.38596959e+01,2.31000000e+00,-9.17558403e+00,2.31000000e+00,-7.00370707e+00,2.31000000e+00,-9.17477839e+00,2.31000000e+00,-7.02190988e+00,2.31000000e+00,-5.46035142e+00,
2.32000000e+00,-1.46706309e+01,2.32000000e+00,-1.46717733e+01,2.32000000e+00,-1.40178944e+01,2.32000000e+00,-9.30019547e+00,2.32000000e+00,-7.21425393e+00,2.32000000e+00,-9.29942422e+00,2.32000000e+00,-7.23219636e+00,2.32000000e+00,-5.59588436e+00,
2.33000000e+00,-1.48000174e+01,2.33000000e+00,-1.48011756e+01,2.33000000e+00,-1.41746326e+01,2.33000000e+00,-9.42418237e+00,2.33000000e+00,-7.42236954e+00,2.33000000e+00,-9.42344491e+00,2.33000000e+00,-7.44005457e+00,2.33000000e+00,-5.72947658e+00,
2.34000000e+00,-1.49284354e+01,2.34000000e+00,-1.49296090e+01,2.34000000e+00,-1.43299429e+01,2.34000000e+00,-9.54754570e+00,2.34000000e+00,-7.62806612e+00,2.34000000e+00,-9.54684146e+00,2.34000000e+00,-7.64549728e+00,2.34000000e+00,-5.86148867e+00,
2.35000000e+00,-1.50559044e+01,2.35000000e+00,-1.50570931e+01,2.35000000e+00,-1.44838568e+01,2.35000000e+00,-9.67028709e+00,2.35000000e+00,-7.83136001e+00,2.35000000e+00,-9.66961551e+00,2.35000000e+00,-7.84854126e+00,2.35000000e+00,-5.99227200e+00,
2.36000000e+00,-1.51824434e+01,2.36000000e+00,-1.51836467e+01,2.36000000e+00,-1.46364047e+01,2.36000000e+00,-9.79240867e+00,2.36000000e+00,-8.03227139e+00,2.36000000e+00,-9.79176923e+00,2.36000000e+00,-8.04920708e+00,2.36000000e+00,-6.12214506e+00,
2.37000000e+00,-1.53080708e+01,2.37000000e+00,-1.53092886e+01,2.37000000e+00,-1.47876162e+01,2.37000000e+00,-9.91391309e+00,2.37000000e+00,-8.23082401e+00,2.37000000e+00,-9.91330527e+00,2.37000000e+00,-8.24751875e+00,2.37000000e+00,-6.25138032e+00,
2.38000000e+00,-1.54328046e+01,2.38000000e+00,-1.54340365e+01,2.38000000e+00,-1.49375200e+01,2.38000000e+00,-1.00348034e+01,2.38000000e+00,-8.42704481e+00,2.38000000e+00,-1.00342267e+01,2.38000000e+00,-8.44350345e+00,2.38000000e+00,-6.38020004e+00,
2.39000000e+00,-1.55566623e+01,2.39000000e+00,-1.55579080e+01,2.39000000e+00,-1.50861441e+01,2.39000000e+00,-1.01550829e+01,2.39000000e+00,-8.62096354e+00,2.39000000e+00,-1.01545369e+01,2.39000000e+00,-8.63719111e+00,2.39000000e+00,-6.50877816e+00,
2.40000000e+00,-1.56809663e+01,2.40000000e+00,-1.56822260e+01,2.40000000e+00,-1.52354013e+01,2.40000000e+00,-1.02758903e+01,2.40000000e+00,-8.81588944e+00,2.40000000e+00,-1.02753751e+01,2.40000000e+00,-8.83188338e+00,2.40000000e+00,-6.63823037e+00,
