v-sweep,,,,,o0,,,,,,,v-sweep,,,,,o1,,,,,,,v-sweep,,,,,o2,,,,,,,v-sweep,,,,,o3,,,,,,,v-sweep,,,,,o4,,,,,,,v-sweep,,,,,o5,,,,,,,v-sweep,,,,,o6,,,,,,,v-sweep,,,,,o7,,,,,,,
0.00000000e+00,1.90352121e+00,0.00000000e+00,1.90337416e+00,0.00000000e+00,2.04096041e+00,0.00000000e+00,1.51178343e+00,0.00000000e+00,1.75808147e+00,0.00000000e+00,1.51163097e+00,0.00000000e+00,1.75769217e+00,0.00000000e+00,1.53133224e+00,
1.00000000e-02,1.90164284e+00,1.00000000e-02,1.90149522e+00,1.00000000e-02,2.03897970e+00,1.00000000e-02,1.50847208e+00,1.00000000e-02,1.75382381e+00,1.00000000e-02,1.50831898e+00,1.00000000e-02,1.75342819e+00,1.00000000e-02,1.52589381e+00,
2.00000000e-02,1.89973996e+00,2.00000000e-02,1.89959178e+00,2.00000000e-02,2.03696639e+00,2.00000000e-02,1.50511903e+00,2.00000000e-02,1.74946980e+00,2.00000000e-02,1.50496531e+00,2.00000000e-02,1.74906759e+00,2.00000000e-02,1.52038564e+00,
3.00000000e-02,1.89781208e+00,3.00000000e-02,1.89766334e+00,3.00000000e-02,2.03491966e+00,3.00000000e-02,1.50172346e+00,3.00000000e-02,1.74501597e+00,3.00000000e-02,1.50156914e+00,3.00000000e-02,1.74460688e+00,3.00000000e-02,1.51480685e+00,
4.00000000e-02,1.89585865e+00,4.00000000e-02,1.89570936e+00,4.00000000e-02,2.03283860e+00,4.00000000e-02,1.49828454e+00,4.00000000e-02,1.74045871e+00,4.00000000e-02,1.49812962e+00,4.00000000e-02,1.74004243e+00,4.00000000e-02,1.50915633e+00,
5.00000000e-02,1.89387914e+00,5.00000000e-02,1.89372930e+00,5.00000000e-02,2.03072233e+00,5.00000000e-02,1.49480142e+00,5.00000000e-02,1.73579426e+00,5.00000000e-02,1.49464590e+00,5.00000000e-02,1.73537048e+00,5.00000000e-02,1.50343270e+00,
6.00000000e-02,1.89187298e+00,6.00000000e-02,1.89172260e+00,6.00000000e-02,2.02856988e+00,6.00000000e-02,1.49127321e+00,6.00000000e-02,1.73101874e+00,6.00000000e-02,1.49111711e+00,6.00000000e-02,1.73058712e+00,6.00000000e-02,1.49763421e+00,
7.00000000e-02,1.88983960e+00,7.00000000e-02,1.88968868e+00,7.00000000e-02,2.02638027e+00,7.00000000e-02,1.48769902e+00,7.00000000e-02,1.72612810e+00,7.00000000e-02,1.48754234e+00,7.00000000e-02,1.72568828e+00,7.00000000e-02,1.49175872e+00,
8.00000000e-02,1.88777839e+00,8.00000000e-02,1.88762693e+00,8.00000000e-02,2.02415250e+00,8.00000000e-02,1.48407794e+00,8.00000000e-02,1.72111817e+00,8.00000000e-02,1.48392071e+00,8.00000000e-02,1.72066977e+00,8.00000000e-02,1.48580369e+00,
9.00000000e-02,1.88568873e+00,9.00000000e-02,1.88553675e+00,9.00000000e-02,2.02188549e+00,9.00000000e-02,1.48040906e+00,9.00000000e-02,1.71598463e+00,9.00000000e-02,1.48025127e+00,9.00000000e-02,1.71552724e+00,9.00000000e-02,1.47976620e+00,
1.00000000e-01,1.88357000e+00,1.00000000e-01,1.88341750e+00,1.00000000e-01,2.01957815e+00,1.00000000e-01,1.47669143e+00,1.00000000e-01,1.71072303e+00,1.00000000e-01,1.47653310e+00,1.00000000e-01,1.71025622e+00,1.00000000e-01,1.47364300e+00,
1.10000000e-01,1.88142153e+00,1.10000000e-01,1.88126852e+00,1.10000000e-01,2.01722933e+00,1.10000000e-01,1.47292411e+00,1.10000000e-01,1.70532880e+00,1.10000000e-01,1.47276525e+00,1.10000000e-01,1.70485212e+00,1.10000000e-01,1.46743059e+00,
1.20000000e-01,1.87924265e+00,1.20000000e-01,1.87908913e+00,1.20000000e-01,2.01483784e+00,1.20000000e-01,1.46910614e+00,1.20000000e-01,1.69979727e+00,1.20000000e-01,1.46894677e+00,1.20000000e-01,1.69931024e+00,1.20000000e-01,1.46112536e+00,
1.30000000e-01,1.87703265e+00,1.30000000e-01,1.87687863e+00,1.30000000e-01,2.01240246e+00,1.30000000e-01,1.46523658e+00,1.30000000e-01,1.69412364e+00,1.30000000e-01,1.46507669e+00,1.30000000e-01,1.69362576e+00,1.30000000e-01,1.45472371e+00,
1.40000000e-01,1.87479081e+00,1.40000000e-01,1.87463630e+00,1.40000000e-01,2.00992188e+00,1.40000000e-01,1.46131445e+00,1.40000000e-01,1.68830306e+00,1.40000000e-01,1.46115408e+00,1.40000000e-01,1.68779380e+00,1.40000000e-01,1.44822215e+00,
1.50000000e-01,1.87251639e+00,1.50000000e-01,1.87236139e+00,1.50000000e-01,2.00739477e+00,1.50000000e-01,1.45733883e+00,1.50000000e-01,1.68233059e+00,1.50000000e-01,1.45717797e+00,1.50000000e-01,1.68180939e+00,1.50000000e-01,1.44161744e+00,
1.60000000e-01,1.87020860e+00,1.60000000e-01,1.87005312e+00,1.60000000e-01,2.00481973e+00,1.60000000e-01,1.45330877e+00,1.60000000e-01,1.67620122e+00,1.60000000e-01,1.45314746e+00,1.60000000e-01,1.67566750e+00,1.60000000e-01,1.43490668e+00,
1.70000000e-01,1.86786664e+00,1.70000000e-01,1.86771069e+00,1.70000000e-01,2.00219530e+00,1.70000000e-01,1.44922339e+00,1.70000000e-01,1.66990990e+00,1.70000000e-01,1.44906162e+00,1.70000000e-01,1.66936305e+00,1.70000000e-01,1.42808739e+00,
1.80000000e-01,1.86548970e+00,1.80000000e-01,1.86533328e+00,1.80000000e-01,1.99951998e+00,1.80000000e-01,1.44508180e+00,1.80000000e-01,1.66345149e+00,1.80000000e-01,1.44491961e+00,1.80000000e-01,1.66289090e+00,1.80000000e-01,1.42115764e+00,
1.90000000e-01,1.86307690e+00,1.90000000e-01,1.86292003e+00,1.90000000e-01,1.99679216e+00,1.90000000e-01,1.44088320e+00,1.90000000e-01,1.65682080e+00,1.90000000e-01,1.44072060e+00,1.90000000e-01,1.65624580e+00,1.90000000e-01,1.41411611e+00,
2.00000000e-01,1.86062737e+00,2.00000000e-01,1.86047004e+00,2.00000000e-01,1.99401021e+00,2.00000000e-01,1.43662686e+00,2.00000000e-01,1.65001250e+00,2.00000000e-01,1.43646387e+00,2.00000000e-01,1.64942242e+00,2.00000000e-01,1.40696225e+00,
2.10000000e-01,1.85814018e+00,2.10000000e-01,1.85798241e+00,2.10000000e-01,1.99117239e+00,2.10000000e-01,1.43231212e+00,2.10000000e-01,1.64302111e+00,2.10000000e-01,1.43214877e+00,2.10000000e-01,1.64241524e+00,2.10000000e-01,1.39969641e+00,
2.20000000e-01,1.85561438e+00,2.20000000e-01,1.85545618e+00,2.20000000e-01,1.98827691e+00,2.20000000e-01,1.42793847e+00,2.20000000e-01,1.63584089e+00,2.20000000e-01,1.42777479e+00,2.20000000e-01,1.63521853e+00,2.20000000e-01,1.39232007e+00,
2.30000000e-01,1.85304899e+00,2.30000000e-01,1.85289035e+00,2.30000000e-01,1.98532187e+00,2.30000000e-01,1.42350553e+00,2.30000000e-01,1.62846584e+00,2.30000000e-01,1.42334154e+00,2.30000000e-01,1.62782625e+00,2.30000000e-01,1.38483601e+00,
2.40000000e-01,1.85044298e+00,2.40000000e-01,1.85028392e+00,2.40000000e-01,1.98230532e+00,2.40000000e-01,1.41901312e+00,2.40000000e-01,1.62088959e+00,2.40000000e-01,1.41884886e+00,2.40000000e-01,1.62023203e+00,2.40000000e-01,1.37724862e+00,
2.50000000e-01,1.84779529e+00,2.50000000e-01,1.84763582e+00,2.50000000e-01,1.97922518e+00,2.50000000e-01,1.41446129e+00,2.50000000e-01,1.61310540e+00,2.50000000e-01,1.41429681e+00,2.50000000e-01,1.61242911e+00,2.50000000e-01,1.36956417e+00,
2.60000000e-01,1.84510482e+00,2.60000000e-01,1.84494495e+00,2.60000000e-01,1.97607930e+00,2.60000000e-01,1.40985040e+00,2.60000000e-01,1.60510619e+00,2.60000000e-01,1.40968573e+00,2.60000000e-01,1.60441041e+00,2.60000000e-01,1.36179113e+00,
2.70000000e-01,1.84237042e+00,2.70000000e-01,1.84221016e+00,2.70000000e-01,1.97286543e+00,2.70000000e-01,1.40518113e+00,2.70000000e-01,1.59688462e+00,2.70000000e-01,1.40501633e+00,2.70000000e-01,1.59616859e+00,2.70000000e-01,1.35394046e+00,
2.80000000e-01,1.83959092e+00,2.80000000e-01,1.83943028e+00,2.80000000e-01,1.96958119e+00,2.80000000e-01,1.40045457e+00,2.80000000e-01,1.58843322e+00,2.80000000e-01,1.40028970e+00,2.80000000e-01,1.58769622e+00,2.80000000e-01,1.34602585e+00,
2.90000000e-01,1.83676509e+00,2.90000000e-01,1.83660407e+00,2.90000000e-01,1.96622410e+00,2.90000000e-01,1.39567232e+00,2.90000000e-01,1.57974460e+00,2.90000000e-01,1.39550744e+00,2.90000000e-01,1.57898592e+00,2.90000000e-01,1.33806385e+00,
3.00000000e-01,1.83389163e+00,3.00000000e-01,1.83373025e+00,3.00000000e-01,1.96279157e+00,3.00000000e-01,1.39083651e+00,3.00000000e-01,1.57081170e+00,3.00000000e-01,1.39067171e+00,3.00000000e-01,1.57003070e+00,3.00000000e-01,1.33007388e+00,
3.10000000e-01,1.83096924e+00,3.10000000e-01,1.83080750e+00,3.10000000e-01,1.95928087e+00,3.10000000e-01,1.38594991e+00,3.10000000e-01,1.56162811e+00,3.10000000e-01,1.38578526e+00,3.10000000e-01,1.56082423e+00,3.10000000e-01,1.32207795e+00,
3.20000000e-01,1.82799652e+00,3.20000000e-01,1.82783443e+00,3.20000000e-01,1.95568912e+00,3.20000000e-01,1.38101598e+00,3.20000000e-01,1.55218848e+00,3.20000000e-01,1.38085158e+00,3.20000000e-01,1.55136127e+00,3.20000000e-01,1.31410029e+00,
3.30000000e-01,1.82497204e+00,3.30000000e-01,1.82480962e+00,3.30000000e-01,1.95201331e+00,3.30000000e-01,1.37603891e+00,3.30000000e-01,1.54248892e+00,3.30000000e-01,1.37587487e+00,3.30000000e-01,1.54163809e+00,3.30000000e-01,1.30616669e+00,
3.40000000e-01,1.82189431e+00,3.40000000e-01,1.82173157e+00,3.40000000e-01,1.94825029e+00,3.40000000e-01,1.37102367e+00,3.40000000e-01,1.53252760e+00,3.40000000e-01,1.37086011e+00,3.40000000e-01,1.53165308e+00,3.40000000e-01,1.29830377e+00,
3.50000000e-01,1.81876178e+00,3.50000000e-01,1.81859873e+00,3.50000000e-01,1.94439674e+00,3.50000000e-01,1.36597600e+00,3.50000000e-01,1.52230569e+00,3.50000000e-01,1.36581305e+00,3.50000000e-01,1.52140766e+00,3.50000000e-01,1.29053822e+00,
3.60000000e-01,1.81557283e+00,3.60000000e-01,1.81540948e+00,3.60000000e-01,1.94044914e+00,3.60000000e-01,1.36090239e+00,3.60000000e-01,1.51182817e+00,3.60000000e-01,1.36074018e+00,3.60000000e-01,1.51090719e+00,3.60000000e-01,1.28289603e+00,
3.70000000e-01,1.81232578e+00,3.70000000e-01,1.81216214e+00,3.70000000e-01,1.93640382e+00,3.70000000e-01,1.35580997e+00,3.70000000e-01,1.50110505e+00,3.70000000e-01,1.35564864e+00,3.70000000e-01,1.50016210e+00,3.70000000e-01,1.27540198e+00,
3.80000000e-01,1.80901888e+00,3.80000000e-01,1.80885497e+00,3.80000000e-01,1.93225691e+00,3.80000000e-01,1.35070645e+00,3.80000000e-01,1.49015265e+00,3.80000000e-01,1.35054615e+00,3.80000000e-01,1.48918928e+00,3.80000000e-01,1.26807917e+00,
3.90000000e-01,1.80565031e+00,3.90000000e-01,1.80548613e+00,3.90000000e-01,1.92800432e+00,3.90000000e-01,1.34559995e+00,3.90000000e-01,1.47899507e+00,3.90000000e-01,1.34544084e+00,3.90000000e-01,1.47801345e+00,3.90000000e-01,1.26094880e+00,
4.00000000e-01,1.80221815e+00,4.00000000e-01,1.80205373e+00,4.00000000e-01,1.92364176e+00,4.00000000e-01,1.34049889e+00,4.00000000e-01,1.46766557e+00,4.00000000e-01,1.34034110e+00,4.00000000e-01,1.46666862e+00,4.00000000e-01,1.25403007e+00,
4.10000000e-01,1.79872044e+00,4.10000000e-01,1.79855578e+00,4.10000000e-01,1.91916469e+00,4.10000000e-01,1.33541178e+00,4.10000000e-01,1.45620757e+00,4.10000000e-01,1.33525547e+00,4.10000000e-01,1.45519898e+00,4.10000000e-01,1.24734020e+00,
4.20000000e-01,1.79515510e+00,4.20000000e-01,1.79499022e+00,4.20000000e-01,1.91456834e+00,4.20000000e-01,1.33034712e+00,4.20000000e-01,1.44467484e+00,4.20000000e-01,1.33019243e+00,4.20000000e-01,1.44365904e+00,4.20000000e-01,1.24089449e+00,
4.30000000e-01,1.79151996e+00,4.30000000e-01,1.79135489e+00,4.30000000e-01,1.90984765e+00,4.30000000e-01,1.32531323e+00,4.30000000e-01,1.43313038e+00,4.30000000e-01,1.32516029e+00,4.30000000e-01,1.43211243e+00,4.30000000e-01,1.23470645e+00,
4.40000000e-01,1.78781279e+00,4.40000000e-01,1.78764752e+00,4.40000000e-01,1.90499731e+00,4.40000000e-01,1.32031821e+00,4.40000000e-01,1.42164370e+00,4.40000000e-01,1.32016715e+00,4.40000000e-01,1.42062899e+00,4.40000000e-01,1.22878793e+00,
4.50000000e-01,1.78403120e+00,4.50000000e-01,1.78386577e+00,4.50000000e-01,1.90001171e+00,4.50000000e-01,1.31536979e+00,4.50000000e-01,1.41028643e+00,4.50000000e-01,1.31522074e+00,4.50000000e-01,1.40928038e+00,4.50000000e-01,1.22314924e+00,
4.60000000e-01,1.78017274e+00,4.60000000e-01,1.78000715e+00,4.60000000e-01,1.89488492e+00,4.60000000e-01,1.31047539e+00,4.60000000e-01,1.39912712e+00,4.60000000e-01,1.31032845e+00,4.60000000e-01,1.39813477e+00,4.60000000e-01,1.21779923e+00,
4.70000000e-01,1.77623480e+00,4.70000000e-01,1.77606909e+00,4.70000000e-01,1.88961067e+00,4.70000000e-01,1.30564201e+00,4.70000000e-01,1.38822615e+00,4.70000000e-01,1.30549730e+00,4.70000000e-01,1.38725187e+00,4.70000000e-01,1.21274540e+00,
4.80000000e-01,1.77221467e+00,4.80000000e-01,1.77204886e+00,4.80000000e-01,1.88418236e+00,4.80000000e-01,1.30087634e+00,4.80000000e-01,1.37763198e+00,4.80000000e-01,1.30073395e+00,4.80000000e-01,1.37667926e+00,4.80000000e-01,1.20799397e+00,
4.90000000e-01,1.76810949e+00,4.90000000e-01,1.76794359e+00,4.90000000e-01,1.87859302e+00,4.90000000e-01,1.29618470e+00,4.90000000e-01,1.36737935e+00,4.90000000e-01,1.29604472e+00,4.90000000e-01,1.36645071e+00,4.90000000e-01,1.20354989e+00,
5.00000000e-01,1.76391625e+00,5.00000000e-01,1.76375028e+00,5.00000000e-01,1.87283528e+00,5.00000000e-01,1.29157310e+00,5.00000000e-01,1.35748960e+00,5.00000000e-01,1.29143562e+00,5.00000000e-01,1.35658670e+00,5.00000000e-01,1.19941689e+00,
5.10000000e-01,1.75963175e+00,5.10000000e-01,1.75946575e+00,5.10000000e-01,1.86690140e+00,5.10000000e-01,1.28704731e+00,5.10000000e-01,1.34797269e+00,5.10000000e-01,1.28691241e+00,5.10000000e-01,1.34709647e+00,5.10000000e-01,1.19559752e+00,
5.20000000e-01,1.75525262e+00,5.20000000e-01,1.75508662e+00,5.20000000e-01,1.86078319e+00,5.20000000e-01,1.28261287e+00,5.20000000e-01,1.33883016e+00,5.20000000e-01,1.28248063e+00,5.20000000e-01,1.33798104e+00,5.20000000e-01,1.19209310e+00,
5.30000000e-01,1.75077530e+00,5.30000000e-01,1.75060932e+00,5.30000000e-01,1.85447207e+00,5.30000000e-01,1.27827514e+00,5.30000000e-01,1.33005833e+00,5.30000000e-01,1.27814564e+00,5.30000000e-01,1.32923640e+00,5.30000000e-01,1.18890375e+00,
5.40000000e-01,1.74619596e+00,5.40000000e-01,1.74603004e+00,5.40000000e-01,1.84795906e+00,5.40000000e-01,1.27403934e+00,5.40000000e-01,1.32165102e+00,5.40000000e-01,1.27391263e+00,5.40000000e-01,1.32085622e+00,5.40000000e-01,1.18602835e+00,
5.50000000e-01,1.74151057e+00,5.50000000e-01,1.74134474e+00,5.50000000e-01,1.84123478e+00,5.50000000e-01,1.26991056e+00,5.50000000e-01,1.31360162e+00,5.50000000e-01,1.26978672e+00,5.50000000e-01,1.31283381e+00,5.50000000e-01,1.18346453e+00,
5.60000000e-01,1.73671478e+00,5.60000000e-01,1.73654909e+00,5.60000000e-01,1.83428950e+00,5.60000000e-01,1.26589383e+00,5.60000000e-01,1.30590423e+00,5.60000000e-01,1.26577292e+00,5.60000000e-01,1.30516328e+00,5.60000000e-01,1.18120865e+00,
5.70000000e-01,1.73180395e+00,5.70000000e-01,1.73163844e+00,5.70000000e-01,1.82711323e+00,5.70000000e-01,1.26199410e+00,5.70000000e-01,1.29855424e+00,5.70000000e-01,1.26187617e+00,5.70000000e-01,1.29784003e+00,5.70000000e-01,1.17925573e+00,
5.80000000e-01,1.72677312e+00,5.80000000e-01,1.72660784e+00,5.80000000e-01,1.81969584e+00,5.80000000e-01,1.25821628e+00,5.80000000e-01,1.29154833e+00,5.80000000e-01,1.25810140e+00,5.80000000e-01,1.29086075e+00,5.80000000e-01,1.17759944e+00,
5.90000000e-01,1.72161699e+00,5.90000000e-01,1.72145200e+00,5.90000000e-01,1.81202722e+00,5.90000000e-01,1.25456524e+00,5.90000000e-01,1.28488435e+00,5.90000000e-01,1.25445346e+00,5.90000000e-01,1.28422328e+00,5.90000000e-01,1.17623201e+00,
6.00000000e-01,1.71632990e+00,6.00000000e-01,1.71616525e+00,6.00000000e-01,1.80409758e+00,6.00000000e-01,1.25104582e+00,6.00000000e-01,1.27856092e+00,6.00000000e-01,1.25093720e+00,6.00000000e-01,1.27792625e+00,6.00000000e-01,1.17514421e+00,
6.10000000e-01,1.71090583e+00,6.10000000e-01,1.71074160e+00,6.10000000e-01,1.79589780e+00,6.10000000e-01,1.24766281e+00,6.10000000e-01,1.27257720e+00,6.10000000e-01,1.24755739e+00,6.10000000e-01,1.27196877e+00,6.10000000e-01,1.17432527e+00,
6.20000000e-01,1.70533846e+00,6.20000000e-01,1.70517473e+00,6.20000000e-01,1.78741992e+00,6.20000000e-01,1.24442092e+00,6.20000000e-01,1.26693249e+00,6.20000000e-01,1.24431876e+00,6.20000000e-01,1.26635012e+00,6.20000000e-01,1.17376279e+00,
6.30000000e-01,1.69962121e+00,6.30000000e-01,1.69945806e+00,6.30000000e-01,1.77865787e+00,6.30000000e-01,1.24132478e+00,6.30000000e-01,1.26162599e+00,6.30000000e-01,1.24122590e+00,6.30000000e-01,1.26106945e+00,6.30000000e-01,1.17344273e+00,
6.40000000e-01,1.69374733e+00,6.40000000e-01,1.69358487e+00,6.40000000e-01,1.76960825e+00,6.40000000e-01,1.23837880e+00,6.40000000e-01,1.25665652e+00,6.40000000e-01,1.23828325e+00,6.40000000e-01,1.25612549e+00,6.40000000e-01,1.17334930e+00,
6.50000000e-01,1.68771011e+00,6.50000000e-01,1.68754844e+00,6.50000000e-01,1.76027138e+00,6.50000000e-01,1.23558716e+00,6.50000000e-01,1.25202222e+00,6.50000000e-01,1.23549498e+00,6.50000000e-01,1.25151635e+00,6.50000000e-01,1.17346497e+00,
6.60000000e-01,1.68150304e+00,6.60000000e-01,1.68134231e+00,6.60000000e-01,1.75065245e+00,6.60000000e-01,1.23295365e+00,6.60000000e-01,1.24772033e+00,6.60000000e-01,1.23286484e+00,6.60000000e-01,1.24723917e+00,6.60000000e-01,1.17377046e+00,
6.70000000e-01,1.67512017e+00,6.70000000e-01,1.67496053e+00,6.70000000e-01,1.74076276e+00,6.70000000e-01,1.23048144e+00,6.70000000e-01,1.24374688e+00,6.70000000e-01,1.23039602e+00,6.70000000e-01,1.24328991e+00,6.70000000e-01,1.17424483e+00,
6.80000000e-01,1.66855643e+00,6.80000000e-01,1.66839806e+00,6.80000000e-01,1.73062075e+00,6.80000000e-01,1.22817294e+00,6.80000000e-01,1.24009640e+00,6.80000000e-01,1.22809090e+00,6.80000000e-01,1.23966301e+00,6.80000000e-01,1.17486558e+00,
6.90000000e-01,1.66180806e+00,6.90000000e-01,1.66165116e+00,6.90000000e-01,1.72025282e+00,6.90000000e-01,1.22602945e+00,6.90000000e-01,1.23676161e+00,6.90000000e-01,1.22595078e+00,6.90000000e-01,1.23635109e+00,6.90000000e-01,1.17560899e+00,
7.00000000e-01,1.65487308e+00,7.00000000e-01,1.65471786e+00,7.00000000e-01,1.70969348e+00,7.00000000e-01,1.22405088e+00,7.00000000e-01,1.23373303e+00,7.00000000e-01,1.22397555e+00,7.00000000e-01,1.23334459e+00,7.00000000e-01,1.17645045e+00,
7.10000000e-01,1.64775167e+00,7.10000000e-01,1.64759839e+00,7.10000000e-01,1.69898455e+00,7.10000000e-01,1.22223541e+00,7.10000000e-01,1.23099872e+00,7.10000000e-01,1.22216337e+00,7.10000000e-01,1.23063146e+00,7.10000000e-01,1.17736511e+00,
7.20000000e-01,1.64044655e+00,7.20000000e-01,1.64029548e+00,7.20000000e-01,1.68817325e+00,7.20000000e-01,1.22057924e+00,7.20000000e-01,1.22854401e+00,7.20000000e-01,1.22051041e+00,7.20000000e-01,1.22819696e+00,7.20000000e-01,1.17832868e+00,
7.30000000e-01,1.63296311e+00,7.30000000e-01,1.63281455e+00,7.30000000e-01,1.67730911e+00,7.30000000e-01,1.21907639e+00,7.30000000e-01,1.22635148e+00,7.30000000e-01,1.21901069e+00,7.30000000e-01,1.22602356e+00,7.30000000e-01,1.17931836e+00,
7.40000000e-01,1.62530936e+00,7.40000000e-01,1.62516361e+00,7.40000000e-01,1.66643993e+00,7.40000000e-01,1.21771877e+00,7.40000000e-01,1.22440108e+00,7.40000000e-01,1.21765610e+00,7.40000000e-01,1.22409120e+00,7.40000000e-01,1.18031382e+00,
7.50000000e-01,1.61749557e+00,7.50000000e-01,1.61735293e+00,7.50000000e-01,1.65560748e+00,7.50000000e-01,1.21649640e+00,7.50000000e-01,1.22267070e+00,7.50000000e-01,1.21643664e+00,7.50000000e-01,1.22237773e+00,7.50000000e-01,1.18129812e+00,
7.60000000e-01,1.60953369e+00,7.60000000e-01,1.60939444e+00,7.60000000e-01,1.64484404e+00,7.60000000e-01,1.21539784e+00,7.60000000e-01,1.22113694e+00,7.60000000e-01,1.21534088e+00,7.60000000e-01,1.22085978e+00,7.60000000e-01,1.18225820e+00,
7.70000000e-01,1.60143658e+00,7.70000000e-01,1.60130100e+00,7.70000000e-01,1.63417052e+00,7.70000000e-01,1.21441085e+00,7.70000000e-01,1.21977607e+00,7.70000000e-01,1.21435656e+00,7.70000000e-01,1.21951367e+00,7.70000000e-01,1.18318497e+00,
7.80000000e-01,1.59321730e+00,7.80000000e-01,1.59308562e+00,7.80000000e-01,1.62359673e+00,7.80000000e-01,1.21352299e+00,7.80000000e-01,1.21856511e+00,7.80000000e-01,1.21347127e+00,7.80000000e-01,1.21831652e+00,7.80000000e-01,1.18407295e+00,
7.90000000e-01,1.58488838e+00,7.90000000e-01,1.58476081e+00,7.90000000e-01,1.61312345e+00,7.90000000e-01,1.21272225e+00,7.90000000e-01,1.21748268e+00,7.90000000e-01,1.21267298e+00,7.90000000e-01,1.21724702e+00,7.90000000e-01,1.18491957e+00,
8.00000000e-01,1.57646136e+00,8.00000000e-01,1.57633807e+00,8.00000000e-01,1.60274524e+00,8.00000000e-01,1.21199746e+00,8.00000000e-01,1.21650958e+00,8.00000000e-01,1.21195054e+00,8.00000000e-01,1.21628611e+00,8.00000000e-01,1.18572445e+00,
8.10000000e-01,1.56794652e+00,8.10000000e-01,1.56782764e+00,8.10000000e-01,1.59245321e+00,8.10000000e-01,1.21133859e+00,8.10000000e-01,1.21562912e+00,8.10000000e-01,1.21129394e+00,8.10000000e-01,1.21541718e+00,8.10000000e-01,1.18648863e+00,
8.20000000e-01,1.55935275e+00,8.20000000e-01,1.55923837e+00,8.20000000e-01,1.58223703e+00,8.20000000e-01,1.21073687e+00,8.20000000e-01,1.21482714e+00,8.20000000e-01,1.21069440e+00,8.20000000e-01,1.21462617e+00,8.20000000e-01,1.18721406e+00,
8.30000000e-01,1.55068759e+00,8.30000000e-01,1.55057778e+00,8.30000000e-01,1.57208631e+00,8.30000000e-01,1.21018474e+00,8.30000000e-01,1.21409182e+00,8.30000000e-01,1.21014438e+00,8.30000000e-01,1.21390133e+00,8.30000000e-01,1.18790313e+00,
8.40000000e-01,1.54195718e+00,8.40000000e-01,1.54185199e+00,8.40000000e-01,1.56199125e+00,8.40000000e-01,1.20967581e+00,8.40000000e-01,1.21341342e+00,8.40000000e-01,1.20963749e+00,8.40000000e-01,1.21323299e+00,8.40000000e-01,1.18855842e+00,
8.50000000e-01,1.53316671e+00,8.50000000e-01,1.53306616e+00,8.50000000e-01,1.55194300e+00,8.50000000e-01,1.20920466e+00,8.50000000e-01,1.21278393e+00,8.50000000e-01,1.20916833e+00,8.50000000e-01,1.21261319e+00,8.50000000e-01,1.18918250e+00,
8.60000000e-01,1.52432055e+00,8.60000000e-01,1.52422464e+00,8.60000000e-01,1.54193350e+00,8.60000000e-01,1.20876678e+00,8.60000000e-01,1.21219681e+00,8.60000000e-01,1.20873238e+00,8.60000000e-01,1.21203542e+00,8.60000000e-01,1.18977779e+00,
8.70000000e-01,1.51542236e+00,8.70000000e-01,1.51533109e+00,8.70000000e-01,1.53195572e+00,8.70000000e-01,1.20835835e+00,8.70000000e-01,1.21164670e+00,8.70000000e-01,1.20832583e+00,8.70000000e-01,1.21149434e+00,8.70000000e-01,1.19034656e+00,
8.80000000e-01,1.50647523e+00,8.80000000e-01,1.50638856e+00,8.80000000e-01,1.52200369e+00,8.80000000e-01,1.20797617e+00,8.80000000e-01,1.21112915e+00,8.80000000e-01,1.20794548e+00,8.80000000e-01,1.21098555e+00,8.80000000e-01,1.19089086e+00,
8.90000000e-01,1.49748180e+00,8.90000000e-01,1.49739969e+00,8.90000000e-01,1.51207226e+00,8.90000000e-01,1.20761752e+00,8.90000000e-01,1.21064049e+00,8.90000000e-01,1.20758860e+00,8.90000000e-01,1.21050538e+00,8.90000000e-01,1.19141258e+00,
9.00000000e-01,1.48844433e+00,9.00000000e-01,1.48836673e+00,9.00000000e-01,1.50215698e+00,9.00000000e-01,1.20728005e+00,9.00000000e-01,1.21017763e+00,9.00000000e-01,1.20725286e+00,9.00000000e-01,1.21005075e+00,9.00000000e-01,1.19191339e+00,
9.10000000e-01,1.47936481e+00,9.10000000e-01,1.47929166e+00,9.10000000e-01,1.49225400e+00,9.10000000e-01,1.20696176e+00,9.10000000e-01,1.20973796e+00,9.10000000e-01,1.20693626e+00,9.10000000e-01,1.20961905e+00,9.10000000e-01,1.19239478e+00,
9.20000000e-01,1.47024501e+00,9.20000000e-01,1.47017625e+00,9.20000000e-01,1.48236002e+00,9.20000000e-01,1.20666091e+00,9.20000000e-01,1.20931923e+00,9.20000000e-01,1.20663704e+00,9.20000000e-01,1.20920804e+00,9.20000000e-01,1.19285809e+00,
9.30000000e-01,1.46108652e+00,9.30000000e-01,1.46102207e+00,9.30000000e-01,1.47247215e+00,9.30000000e-01,1.20637596e+00,9.30000000e-01,1.20891950e+00,9.30000000e-01,1.20635369e+00,9.30000000e-01,1.20881580e+00,9.30000000e-01,1.19330454e+00,
9.40000000e-01,1.45189080e+00,9.40000000e-01,1.45183056e+00,9.40000000e-01,1.46258794e+00,9.40000000e-01,1.20610556e+00,9.40000000e-01,1.20853709e+00,9.40000000e-01,1.20608482e+00,9.40000000e-01,1.20844062e+00,9.40000000e-01,1.19373519e+00,
9.50000000e-01,1.44265918e+00,9.50000000e-01,1.44260307e+00,9.50000000e-01,1.45270523e+00,9.50000000e-01,1.20584849e+00,9.50000000e-01,1.20817048e+00,9.50000000e-01,1.20582925e+00,9.50000000e-01,1.20808102e+00,9.50000000e-01,1.19415103e+00,
9.60000000e-01,1.43339292e+00,9.60000000e-01,1.43334083e+00,9.60000000e-01,1.44282215e+00,9.60000000e-01,1.20560365e+00,9.60000000e-01,1.20781836e+00,9.60000000e-01,1.20558585e+00,9.60000000e-01,1.20773566e+00,9.60000000e-01,1.19455294e+00,
9.70000000e-01,1.42409319e+00,9.70000000e-01,1.42404502e+00,9.70000000e-01,1.43293709e+00,9.70000000e-01,1.20537006e+00,9.70000000e-01,1.20747953e+00,9.70000000e-01,1.20535365e+00,9.70000000e-01,1.20740334e+00,9.70000000e-01,1.19494170e+00,
9.80000000e-01,1.41476110e+00,9.80000000e-01,1.41471674e+00,9.80000000e-01,1.42304863e+00,9.80000000e-01,1.20514679e+00,9.80000000e-01,1.20715289e+00,9.80000000e-01,1.20513173e+00,9.80000000e-01,1.20708296e+00,9.80000000e-01,1.19531807e+00,
9.90000000e-01,1.40539771e+00,9.90000000e-01,1.40535704e+00,9.90000000e-01,1.41315554e+00,9.90000000e-01,1.20493301e+00,9.90000000e-01,1.20683745e+00,9.90000000e-01,1.20491924e+00,9.90000000e-01,1.20677355e+00,9.90000000e-01,1.19568270e+00,
1.00000000e+00,1.39600403e+00,1.00000000e+00,1.39596693e+00,1.00000000e+00,1.40325671e+00,1.00000000e+00,1.20472794e+00,1.00000000e+00,1.20653230e+00,1.00000000e+00,1.20471541e+00,1.00000000e+00,1.20647416e+00,1.00000000e+00,1.19603622e+00,
1.01000000e+00,1.38658104e+00,1.01000000e+00,1.38654737e+00,1.01000000e+00,1.39335121e+00,1.01000000e+00,1.20453084e+00,1.01000000e+00,1.20623659e+00,1.01000000e+00,1.20451950e+00,1.01000000e+00,1.20618397e+00,1.01000000e+00,1.19637922e+00,
1.02000000e+00,1.37712965e+00,1.02000000e+00,1.37709928e+00,1.02000000e+00,1.38343817e+00,1.02000000e+00,1.20434103e+00,1.02000000e+00,1.20594952e+00,1.02000000e+00,1.20433083e+00,1.02000000e+00,1.20590216e+00,1.02000000e+00,1.19671222e+00,
1.03000000e+00,1.36765078e+00,1.03000000e+00,1.36762356e+00,1.03000000e+00,1.37351684e+00,1.03000000e+00,1.20415786e+00,1.03000000e+00,1.20567037e+00,1.03000000e+00,1.20414874e+00,1.03000000e+00,1.20562801e+00,1.03000000e+00,1.19703573e+00,
1.04000000e+00,1.35814527e+00,1.04000000e+00,1.35812106e+00,1.04000000e+00,1.36358653e+00,1.04000000e+00,1.20398072e+00,1.04000000e+00,1.20539842e+00,1.04000000e+00,1.20397263e+00,1.04000000e+00,1.20536079e+00,1.04000000e+00,1.19735025e+00,
1.05000000e+00,1.34861396e+00,1.05000000e+00,1.34859260e+00,1.05000000e+00,1.35364663e+00,1.05000000e+00,1.20380903e+00,1.05000000e+00,1.20513301e+00,1.05000000e+00,1.20380191e+00,1.05000000e+00,1.20509986e+00,1.05000000e+00,1.19765622e+00,
1.06000000e+00,1.33905764e+00,1.06000000e+00,1.33903899e+00,1.06000000e+00,1.34369657e+00,1.06000000e+00,1.20364222e+00,1.06000000e+00,1.20487353e+00,1.06000000e+00,1.20363601e+00,1.06000000e+00,1.20484458e+00,1.06000000e+00,1.19795407e+00,
1.07000000e+00,1.32947709e+00,1.07000000e+00,1.32946098e+00,1.07000000e+00,1.33373583e+00,1.07000000e+00,1.20347975e+00,1.07000000e+00,1.20461936e+00,1.07000000e+00,1.20347440e+00,1.07000000e+00,1.20459434e+00,1.07000000e+00,1.19824424e+00,
1.08000000e+00,1.31987305e+00,1.08000000e+00,1.31985930e+00,1.08000000e+00,1.32376391e+00,1.08000000e+00,1.20332112e+00,1.08000000e+00,1.20436993e+00,1.08000000e+00,1.20331656e+00,1.08000000e+00,1.20434857e+00,1.08000000e+00,1.19852712e+00,
1.09000000e+00,1.31024622e+00,1.09000000e+00,1.31023468e+00,1.09000000e+00,1.31378037e+00,1.09000000e+00,1.20316582e+00,1.09000000e+00,1.20412468e+00,1.09000000e+00,1.20316200e+00,1.09000000e+00,1.20410670e+00,1.09000000e+00,1.19880312e+00,
1.10000000e+00,1.30059730e+00,1.10000000e+00,1.30058778e+00,1.10000000e+00,1.30378475e+00,1.10000000e+00,1.20301337e+00,1.10000000e+00,1.20388309e+00,1.10000000e+00,1.20301022e+00,1.10000000e+00,1.20386820e+00,1.10000000e+00,1.19907260e+00,
1.11000000e+00,1.29092693e+00,1.11000000e+00,1.29091926e+00,1.11000000e+00,1.29377663e+00,1.11000000e+00,1.20286329e+00,1.11000000e+00,1.20364462e+00,1.11000000e+00,1.20286076e+00,1.11000000e+00,1.20363255e+00,1.11000000e+00,1.19933596e+00,
1.12000000e+00,1.28123576e+00,1.12000000e+00,1.28122975e+00,1.12000000e+00,1.28375560e+00,1.12000000e+00,1.20271514e+00,1.12000000e+00,1.20340879e+00,1.12000000e+00,1.20271317e+00,1.12000000e+00,1.20339925e+00,1.12000000e+00,1.19959356e+00,
1.13000000e+00,1.27152439e+00,1.13000000e+00,1.27151985e+00,1.13000000e+00,1.27372123e+00,1.13000000e+00,1.20256847e+00,1.13000000e+00,1.20317510e+00,1.13000000e+00,1.20256698e+00,1.13000000e+00,1.20316780e+00,1.13000000e+00,1.19984577e+00,
1.14000000e+00,1.26179339e+00,1.14000000e+00,1.26179015e+00,1.14000000e+00,1.26367312e+00,1.14000000e+00,1.20242283e+00,1.14000000e+00,1.20294307e+00,1.14000000e+00,1.20242177e+00,1.14000000e+00,1.20293771e+00,1.14000000e+00,1.20009295e+00,
1.15000000e+00,1.25204335e+00,1.15000000e+00,1.25204119e+00,1.15000000e+00,1.25361085e+00,1.15000000e+00,1.20227781e+00,1.15000000e+00,1.20271224e+00,1.15000000e+00,1.20227711e+00,1.15000000e+00,1.20270853e+00,1.15000000e+00,1.20033547e+00,
1.16000000e+00,1.24227477e+00,1.16000000e+00,1.24227352e+00,1.16000000e+00,1.24353399e+00,1.16000000e+00,1.20213298e+00,1.16000000e+00,1.20248214e+00,1.16000000e+00,1.20213258e+00,1.16000000e+00,1.20247979e+00,1.16000000e+00,1.20057367e+00,
1.17000000e+00,1.23248820e+00,1.17000000e+00,1.23248765e+00,1.17000000e+00,1.23344212e+00,1.17000000e+00,1.20198792e+00,1.17000000e+00,1.20225231e+00,1.17000000e+00,1.20198776e+00,1.17000000e+00,1.20225103e+00,1.17000000e+00,1.20080794e+00,
1.18000000e+00,1.22268411e+00,1.18000000e+00,1.22268407e+00,1.18000000e+00,1.22333478e+00,1.18000000e+00,1.20184223e+00,1.18000000e+00,1.20202232e+00,1.18000000e+00,1.20184223e+00,1.18000000e+00,1.20202180e+00,1.18000000e+00,1.20103862e+00,
1.19000000e+00,1.21286300e+00,1.19000000e+00,1.21286325e+00,1.19000000e+00,1.21321151e+00,1.19000000e+00,1.20169550e+00,1.19000000e+00,1.20179171e+00,1.19000000e+00,1.20169561e+00,1.19000000e+00,1.20179166e+00,1.19000000e+00,1.20126609e+00,
1.20000000e+00,1.20302530e+00,1.20000000e+00,1.20302566e+00,1.20000000e+00,1.20307184e+00,1.20000000e+00,1.20154732e+00,1.20000000e+00,1.20156005e+00,1.20000000e+00,1.20154747e+00,1.20000000e+00,1.20156017e+00,1.20000000e+00,1.20149071e+00,
1.21000000e+00,1.19317148e+00,1.21000000e+00,1.19317173e+00,1.21000000e+00,1.19291526e+00,1.21000000e+00,1.20139730e+00,1.21000000e+00,1.20132689e+00,1.21000000e+00,1.20139742e+00,1.21000000e+00,1.20132688e+00,1.21000000e+00,1.20171286e+00,
1.22000000e+00,1.18330195e+00,1.22000000e+00,1.18330189e+00,1.22000000e+00,1.18274126e+00,1.22000000e+00,1.20124503e+00,1.22000000e+00,1.20109180e+00,1.22000000e+00,1.20124506e+00,1.22000000e+00,1.20109135e+00,1.22000000e+00,1.20193293e+00,
1.23000000e+00,1.17341714e+00,1.23000000e+00,1.17341655e+00,1.23000000e+00,1.17254928e+00,1.23000000e+00,1.20109012e+00,1.23000000e+00,1.20085433e+00,1.23000000e+00,1.20108999e+00,1.23000000e+00,1.20085315e+00,1.23000000e+00,1.20215129e+00,
1.24000000e+00,1.16351744e+00,1.24000000e+00,1.16351613e+00,1.24000000e+00,1.16233876e+00,1.24000000e+00,1.20093215e+00,1.24000000e+00,1.20061405e+00,1.24000000e+00,1.20093180e+00,1.24000000e+00,1.20061183e+00,1.24000000e+00,1.20236834e+00,
1.25000000e+00,1.15360326e+00,1.25000000e+00,1.15360101e+00,1.25000000e+00,1.15210908e+00,1.25000000e+00,1.20077073e+00,1.25000000e+00,1.20037050e+00,1.25000000e+00,1.20077009e+00,1.25000000e+00,1.20036694e+00,1.25000000e+00,1.20258449e+00,
1.26000000e+00,1.14367497e+00,1.26000000e+00,1.14367159e+00,1.26000000e+00,1.14185963e+00,1.26000000e+00,1.20060544e+00,1.26000000e+00,1.20012322e+00,1.26000000e+00,1.20060444e+00,1.26000000e+00,1.20011803e+00,1.26000000e+00,1.20280013e+00,
1.27000000e+00,1.13373298e+00,1.27000000e+00,1.13372824e+00,1.27000000e+00,1.13158972e+00,1.27000000e+00,1.20043587e+00,1.27000000e+00,1.19987176e+00,1.27000000e+00,1.20043445e+00,1.27000000e+00,1.19986464e+00,1.27000000e+00,1.20301571e+00,
1.28000000e+00,1.12377765e+00,1.28000000e+00,1.12377137e+00,1.28000000e+00,1.12129866e+00,1.28000000e+00,1.20026159e+00,1.28000000e+00,1.19961565e+00,1.28000000e+00,1.20025969e+00,1.28000000e+00,1.19960630e+00,1.28000000e+00,1.20323163e+00,
1.29000000e+00,1.11380939e+00,1.29000000e+00,1.11380135e+00,1.29000000e+00,1.11098572e+00,1.29000000e+00,1.20008218e+00,1.29000000e+00,1.19935441e+00,1.29000000e+00,1.20007972e+00,1.29000000e+00,1.19934252e+00,1.29000000e+00,1.20344836e+00,
1.30000000e+00,1.10382858e+00,1.30000000e+00,1.10381858e+00,1.30000000e+00,1.10065012e+00,1.30000000e+00,1.19989719e+00,1.30000000e+00,1.19908752e+00,1.30000000e+00,1.19989411e+00,1.30000000e+00,1.19907281e+00,1.30000000e+00,1.20366635e+00,
1.31000000e+00,1.09383563e+00,1.31000000e+00,1.09382347e+00,1.31000000e+00,1.09029104e+00,1.31000000e+00,1.19970615e+00,1.31000000e+00,1.19881450e+00,1.31000000e+00,1.19970240e+00,1.31000000e+00,1.19879667e+00,1.31000000e+00,1.20388607e+00,
1.32000000e+00,1.08383097e+00,1.32000000e+00,1.08381645e+00,1.32000000e+00,1.07990763e+00,1.32000000e+00,1.19950861e+00,1.32000000e+00,1.19853479e+00,1.32000000e+00,1.19950412e+00,1.32000000e+00,1.19851355e+00,1.32000000e+00,1.20410800e+00,
1.33000000e+00,1.07381504e+00,1.33000000e+00,1.07379797e+00,1.33000000e+00,1.06949899e+00,1.33000000e+00,1.19930408e+00,1.33000000e+00,1.19824785e+00,1.33000000e+00,1.19929877e+00,1.33000000e+00,1.19822290e+00,1.33000000e+00,1.20433265e+00,
1.34000000e+00,1.06378832e+00,1.34000000e+00,1.06376849e+00,1.34000000e+00,1.05906417e+00,1.34000000e+00,1.19909203e+00,1.34000000e+00,1.19795309e+00,1.34000000e+00,1.19908586e+00,1.34000000e+00,1.19792415e+00,1.34000000e+00,1.20456054e+00,
1.35000000e+00,1.05375131e+00,1.35000000e+00,1.05372854e+00,1.35000000e+00,1.04860218e+00,1.35000000e+00,1.19887194e+00,1.35000000e+00,1.19764990e+00,1.35000000e+00,1.19886483e+00,1.35000000e+00,1.19761668e+00,1.35000000e+00,1.20479220e+00,
1.36000000e+00,1.04370459e+00,1.36000000e+00,1.04367868e+00,1.36000000e+00,1.03811198e+00,1.36000000e+00,1.19864324e+00,1.36000000e+00,1.19733763e+00,1.36000000e+00,1.19863514e+00,1.36000000e+00,1.19729984e+00,1.36000000e+00,1.20502821e+00,
1.37000000e+00,1.03364875e+00,1.37000000e+00,1.03361952e+00,1.37000000e+00,1.02759247e+00,1.37000000e+00,1.19840534e+00,1.37000000e+00,1.19701559e+00,1.37000000e+00,1.19839619e+00,1.37000000e+00,1.19697296e+00,1.37000000e+00,1.20526915e+00,
1.38000000e+00,1.02358449e+00,1.38000000e+00,1.02355176e+00,1.38000000e+00,1.01704253e+00,1.38000000e+00,1.19815760e+00,1.38000000e+00,1.19668304e+00,1.38000000e+00,1.19814733e+00,1.38000000e+00,1.19663528e+00,1.38000000e+00,1.20551562e+00,
1.39000000e+00,1.01351257e+00,1.39000000e+00,1.01347617e+00,1.39000000e+00,1.00646094e+00,1.39000000e+00,1.19789933e+00,1.39000000e+00,1.19633918e+00,1.39000000e+00,1.19788789e+00,1.39000000e+00,1.19628601e+00,1.39000000e+00,1.20576826e+00,
1.40000000e+00,1.00343387e+00,1.40000000e+00,1.00339361e+00,1.40000000e+00,9.95846480e-01,1.40000000e+00,1.19762981e+00,1.40000000e+00,1.19598315e+00,1.40000000e+00,1.19761713e+00,1.40000000e+00,1.19592430e+00,1.40000000e+00,1.20602773e+00,
1.41000000e+00,9.93349359e-01,1.41000000e+00,9.93305079e-01,1.41000000e+00,9.85197837e-01,1.41000000e+00,1.19734823e+00,1.41000000e+00,1.19561402e+00,1.41000000e+00,1.19733426e+00,1.41000000e+00,1.19554920e+00,1.41000000e+00,1.20629473e+00,
1.42000000e+00,9.83260171e-01,1.42000000e+00,9.83211707e-01,1.42000000e+00,9.74513659e-01,1.42000000e+00,1.19705374e+00,1.42000000e+00,1.19523074e+00,1.42000000e+00,1.19703842e+00,1.42000000e+00,1.19515969e+00,1.42000000e+00,1.20657000e+00,
1.43000000e+00,9.73167597e-01,1.43000000e+00,9.73114792e-01,1.43000000e+00,9.63792538e-01,1.43000000e+00,1.19674537e+00,1.43000000e+00,1.19483218e+00,1.43000000e+00,1.19672864e+00,1.43000000e+00,1.19475461e+00,1.43000000e+00,1.20685429e+00,
1.44000000e+00,9.63073127e-01,1.44000000e+00,9.63015830e-01,1.44000000e+00,9.53033009e-01,1.44000000e+00,1.19642207e+00,1.44000000e+00,1.19441706e+00,1.44000000e+00,1.19640388e+00,1.44000000e+00,1.19433271e+00,1.44000000e+00,1.20714842e+00,
1.45000000e+00,9.52978483e-01,1.45000000e+00,9.52916551e-01,1.45000000e+00,9.42233550e-01,1.45000000e+00,1.19608268e+00,1.45000000e+00,1.19398396e+00,1.45000000e+00,1.19606296e+00,1.45000000e+00,1.19389255e+00,1.45000000e+00,1.20745324e+00,
1.46000000e+00,9.42885663e-01,1.46000000e+00,9.42818960e-01,1.46000000e+00,9.31392585e-01,1.46000000e+00,1.19572586e+00,1.46000000e+00,1.19353126e+00,1.46000000e+00,1.19570457e+00,1.46000000e+00,1.19343252e+00,1.46000000e+00,1.20776966e+00,
1.47000000e+00,9.32796990e-01,1.47000000e+00,9.32725390e-01,1.47000000e+00,9.20508481e-01,1.47000000e+00,1.19535015e+00,1.47000000e+00,1.19305712e+00,1.47000000e+00,1.19532722e+00,1.47000000e+00,1.19295077e+00,1.47000000e+00,1.20809862e+00,
1.48000000e+00,9.22715170e-01,1.48000000e+00,9.22638557e-01,1.48000000e+00,9.09579550e-01,1.48000000e+00,1.19495383e+00,1.48000000e+00,1.19255942e+00,1.48000000e+00,1.19492922e+00,1.48000000e+00,1.19244517e+00,1.48000000e+00,1.20844113e+00,
1.49000000e+00,9.12643368e-01,1.49000000e+00,9.12561638e-01,1.49000000e+00,8.98604052e-01,1.49000000e+00,1.19453497e+00,1.49000000e+00,1.19203570e+00,1.49000000e+00,1.19450861e+00,1.49000000e+00,1.19191327e+00,1.49000000e+00,1.20879826e+00,
1.50000000e+00,9.02585289e-01,1.50000000e+00,9.02498352e-01,1.50000000e+00,8.87580201e-01,1.50000000e+00,1.19409131e+00,1.50000000e+00,1.19148306e+00,1.50000000e+00,1.19406315e+00,1.50000000e+00,1.19135214e+00,1.50000000e+00,1.20917112e+00,
1.51000000e+00,8.92545289e-01,1.51000000e+00,8.92453070e-01,1.51000000e+00,8.76506180e-01,1.51000000e+00,1.19362023e+00,1.51000000e+00,1.19089808e+00,1.51000000e+00,1.19359020e+00,1.51000000e+00,1.19075837e+00,1.51000000e+00,1.20956089e+00,
1.52000000e+00,8.82528496e-01,1.52000000e+00,8.82430937e-01,1.52000000e+00,8.65380171e-01,1.52000000e+00,1.19311862e+00,1.52000000e+00,1.19027665e+00,1.52000000e+00,1.19308666e+00,1.52000000e+00,1.19012782e+00,1.52000000e+00,1.20996875e+00,
1.53000000e+00,8.72540968e-01,1.53000000e+00,8.72438033e-01,1.53000000e+00,8.54200402e-01,1.53000000e+00,1.19258282e+00,1.53000000e+00,1.18961382e+00,1.53000000e+00,1.19254888e+00,1.53000000e+00,1.18945552e+00,1.53000000e+00,1.21039592e+00,
1.54000000e+00,8.62589882e-01,1.54000000e+00,8.62481561e-01,1.54000000e+00,8.42965253e-01,1.54000000e+00,1.19200845e+00,1.54000000e+00,1.18890354e+00,1.54000000e+00,1.19197245e+00,1.54000000e+00,1.18873539e+00,1.54000000e+00,1.21084353e+00,
1.55000000e+00,8.52683759e-01,1.55000000e+00,8.52570071e-01,1.55000000e+00,8.31673429e-01,1.55000000e+00,1.19139025e+00,1.55000000e+00,1.18813836e+00,1.55000000e+00,1.19135213e+00,1.55000000e+00,1.18795992e+00,1.55000000e+00,1.21131262e+00,
1.56000000e+00,8.42832824e-01,1.56000000e+00,8.42713826e-01,1.56000000e+00,8.20324369e-01,1.56000000e+00,1.19072188e+00,1.56000000e+00,1.18730906e+00,1.56000000e+00,1.19068156e+00,1.56000000e+00,1.18711984e+00,1.56000000e+00,1.21180388e+00,
1.57000000e+00,8.33049356e-01,1.57000000e+00,8.32925143e-01,1.57000000e+00,8.08918792e-01,1.57000000e+00,1.18999572e+00,1.57000000e+00,1.18640415e+00,1.57000000e+00,1.18995310e+00,1.57000000e+00,1.18620358e+00,1.57000000e+00,1.21231747e+00,
1.58000000e+00,8.23347579e-01,1.58000000e+00,8.23218293e-01,1.58000000e+00,7.97459021e-01,1.58000000e+00,1.18920257e+00,1.58000000e+00,1.18540934e+00,1.58000000e+00,1.18915756e+00,1.58000000e+00,1.18519675e+00,1.58000000e+00,1.21285275e+00,
1.59000000e+00,8.13744186e-01,1.59000000e+00,8.13610027e-01,1.59000000e+00,7.85950325e-01,1.59000000e+00,1.18833148e+00,1.59000000e+00,1.18430693e+00,1.59000000e+00,1.18828397e+00,1.59000000e+00,1.18408150e+00,1.59000000e+00,1.21340768e+00,
1.60000000e+00,8.04258505e-01,1.60000000e+00,8.04119732e-01,1.60000000e+00,7.74402215e-01,1.60000000e+00,1.18736961e+00,1.60000000e+00,1.18307535e+00,1.60000000e+00,1.18731947e+00,1.60000000e+00,1.18283612e+00,1.60000000e+00,1.21397837e+00,
1.61000000e+00,7.94912357e-01,1.61000000e+00,7.94769293e-01,1.61000000e+00,7.62829625e-01,1.61000000e+00,1.18630232e+00,1.61000000e+00,1.18168899e+00,1.61000000e+00,1.18624941e+00,1.61000000e+00,1.18143481e+00,1.61000000e+00,1.21455850e+00,
1.62000000e+00,7.85729482e-01,1.62000000e+00,7.85582509e-01,1.62000000e+00,7.51253527e-01,1.62000000e+00,1.18511360e+00,1.62000000e+00,1.18011863e+00,1.62000000e+00,1.18505776e+00,1.62000000e+00,1.17984816e+00,1.62000000e+00,1.21513900e+00,
1.63000000e+00,7.76734397e-01,1.63000000e+00,7.76583945e-01,1.63000000e+00,7.39700549e-01,1.63000000e+00,1.18378684e+00,1.63000000e+00,1.17833267e+00,1.63000000e+00,1.18372791e+00,1.63000000e+00,1.17804446e+00,1.63000000e+00,1.21570806e+00,
1.64000000e+00,7.67950720e-01,1.64000000e+00,7.67797244e-01,1.64000000e+00,7.28201723e-01,1.64000000e+00,1.18230607e+00,1.64000000e+00,1.17629923e+00,1.64000000e+00,1.18224389e+00,1.64000000e+00,1.17599172e+00,1.64000000e+00,1.21625167e+00,
1.65000000e+00,7.59399239e-01,1.65000000e+00,7.59243197e-01,1.65000000e+00,7.16790937e-01,1.65000000e+00,1.18065736e+00,1.65000000e+00,1.17398855e+00,1.65000000e+00,1.18059177e+00,1.65000000e+00,1.17366018e+00,1.65000000e+00,1.21675427e+00,
1.66000000e+00,7.51096216e-01,1.66000000e+00,7.50938037e-01,1.66000000e+00,7.05503615e-01,1.66000000e+00,1.17882994e+00,1.66000000e+00,1.17137507e+00,1.66000000e+00,1.17876081e+00,1.66000000e+00,1.17102435e+00,1.66000000e+00,1.21719927e+00,
1.67000000e+00,7.43052350e-01,1.67000000e+00,7.42892418e-01,1.67000000e+00,6.94375621e-01,1.67000000e+00,1.17681696e+00,1.67000000e+00,1.16843854e+00,1.67000000e+00,1.17674419e+00,1.67000000e+00,1.16806409e+00,1.67000000e+00,1.21756925e+00,
1.68000000e+00,7.35272607e-01,1.68000000e+00,7.35111254e-01,1.68000000e+00,6.83442008e-01,1.68000000e+00,1.17461544e+00,1.68000000e+00,1.16516411e+00,1.68000000e+00,1.17453893e+00,1.68000000e+00,1.16476468e+00,1.68000000e+00,1.21784584e+00,
1.69000000e+00,7.27756789e-01,1.69000000e+00,7.27594284e-01,1.69000000e+00,6.72735486e-01,1.69000000e+00,1.17222576e+00,1.69000000e+00,1.16154161e+00,1.69000000e+00,1.17214546e+00,1.69000000e+00,1.16111608e+00,1.69000000e+00,1.21800967e+00,
1.70000000e+00,7.20500503e-01,1.70000000e+00,7.20337064e-01,1.70000000e+00,6.62284801e-01,1.70000000e+00,1.16965093e+00,1.70000000e+00,1.15756460e+00,1.70000000e+00,1.16956680e+00,1.70000000e+00,1.15711194e+00,1.70000000e+00,1.21804057e+00,
1.71000000e+00,7.13496254e-01,1.71000000e+00,7.13332047e-01,1.71000000e+00,6.52113406e-01,1.71000000e+00,1.16689568e+00,1.71000000e+00,1.15322928e+00,1.71000000e+00,1.16680768e+00,1.71000000e+00,1.15274856e+00,1.71000000e+00,1.21791791e+00,
1.72000000e+00,7.06734433e-01,1.72000000e+00,7.06569586e-01,1.72000000e+00,6.42238684e-01,1.72000000e+00,1.16396581e+00,1.72000000e+00,1.14853372e+00,1.72000000e+00,1.16387393e+00,1.72000000e+00,1.14802408e+00,1.72000000e+00,1.21762120e+00,
1.73000000e+00,7.00204141e-01,1.73000000e+00,7.00038749e-01,1.73000000e+00,6.32671807e-01,1.73000000e+00,1.16086762e+00,1.73000000e+00,1.14347713e+00,1.73000000e+00,1.16077185e+00,1.73000000e+00,1.14293779e+00,1.73000000e+00,1.21713064e+00,
1.74000000e+00,6.93893823e-01,1.74000000e+00,6.93727955e-01,1.74000000e+00,6.23418135e-01,1.74000000e+00,1.15760757e+00,1.74000000e+00,1.13805941e+00,1.74000000e+00,1.15750791e+00,1.74000000e+00,1.13748960e+00,1.74000000e+00,1.21642750e+00,
1.75000000e+00,6.87791745e-01,1.75000000e+00,6.87625452e-01,1.75000000e+00,6.14477979e-01,1.75000000e+00,1.15419208e+00,1.75000000e+00,1.13228068e+00,1.75000000e+00,1.15408851e+00,1.75000000e+00,1.13167970e+00,1.75000000e+00,1.21549449e+00,
1.76000000e+00,6.81886338e-01,1.76000000e+00,6.81719655e-01,1.76000000e+00,6.05847545e-01,1.76000000e+00,1.15062734e+00,1.76000000e+00,1.12614102e+00,1.76000000e+00,1.15051987e+00,1.76000000e+00,1.12550819e+00,1.76000000e+00,1.21431596e+00,
1.77000000e+00,6.76166440e-01,1.77000000e+00,6.75999393e-01,1.77000000e+00,5.97519908e-01,1.77000000e+00,1.14691933e+00,1.77000000e+00,1.11964010e+00,1.77000000e+00,1.14680795e+00,1.77000000e+00,1.11897475e+00,1.77000000e+00,1.21287792e+00,
1.78000000e+00,6.70621457e-01,1.78000000e+00,6.70454070e-01,1.78000000e+00,5.89485919e-01,1.78000000e+00,1.14307379e+00,1.78000000e+00,1.11277689e+00,1.78000000e+00,1.14295850e+00,1.78000000e+00,1.11207835e+00,1.78000000e+00,1.21116813e+00,
1.79000000e+00,6.65241467e-01,1.79000000e+00,6.65073756e-01,1.79000000e+00,5.81734976e-01,1.79000000e+00,1.13909625e+00,1.79000000e+00,1.10554925e+00,1.79000000e+00,1.13897705e+00,1.79000000e+00,1.10481685e+00,1.79000000e+00,1.20917600e+00,
1.80000000e+00,6.60017257e-01,1.80000000e+00,6.59849242e-01,1.80000000e+00,5.74255649e-01,1.80000000e+00,1.13499207e+00,1.80000000e+00,1.09795352e+00,1.80000000e+00,1.13486896e+00,1.80000000e+00,1.09718653e+00,1.80000000e+00,1.20689259e+00,
1.81000000e+00,6.54940340e-01,1.81000000e+00,6.54772039e-01,1.81000000e+00,5.67036157e-01,1.81000000e+00,1.13076648e+00,1.81000000e+00,1.08998397e+00,1.81000000e+00,1.13063947e+00,1.81000000e+00,1.08918162e+00,1.81000000e+00,1.20431052e+00,
1.82000000e+00,6.50002927e-01,1.82000000e+00,6.49834361e-01,1.82000000e+00,5.60064712e-01,1.82000000e+00,1.12642466e+00,1.82000000e+00,1.08163237e+00,1.82000000e+00,1.12629376e+00,1.82000000e+00,1.08079378e+00,1.82000000e+00,1.20142391e+00,
1.83000000e+00,6.45197892e-01,1.83000000e+00,6.45029082e-01,1.83000000e+00,5.53329757e-01,1.83000000e+00,1.12197175e+00,1.83000000e+00,1.07288773e+00,1.83000000e+00,1.12183696e+00,1.83000000e+00,1.07201196e+00,1.83000000e+00,1.19822837e+00,
1.84000000e+00,6.40518715e-01,1.84000000e+00,6.40349684e-01,1.84000000e+00,5.46820115e-01,1.84000000e+00,1.11741291e+00,1.84000000e+00,1.06373678e+00,1.84000000e+00,1.11727424e+00,1.84000000e+00,1.06282284e+00,1.84000000e+00,1.19472090e+00,
1.85000000e+00,6.35959426e-01,1.85000000e+00,6.35790198e-01,1.85000000e+00,5.40525079e-01,1.85000000e+00,1.11275337e+00,1.85000000e+00,1.05416560e+00,1.85000000e+00,1.11261085e+00,1.85000000e+00,1.05321262e+00,1.85000000e+00,1.19089989e+00,
1.86000000e+00,6.31514546e-01,1.86000000e+00,6.31345146e-01,1.86000000e+00,5.34434456e-01,1.86000000e+00,1.10799849e+00,1.86000000e+00,1.04416272e+00,1.86000000e+00,1.10785215e+00,1.86000000e+00,1.04317021e+00,1.86000000e+00,1.18676508e+00,
1.87000000e+00,6.27179032e-01,1.87000000e+00,6.27009486e-01,1.87000000e+00,5.28538581e-01,1.87000000e+00,1.10315380e+00,1.87000000e+00,1.03372371e+00,1.87000000e+00,1.10300365e+00,1.87000000e+00,1.03269183e+00,1.87000000e+00,1.18231756e+00,
1.88000000e+00,6.22948226e-01,1.88000000e+00,6.22778559e-01,1.88000000e+00,5.22828316e-01,1.88000000e+00,1.09822502e+00,1.88000000e+00,1.02285624e+00,1.88000000e+00,1.09807112e+00,1.88000000e+00,1.02178618e+00,1.88000000e+00,1.17755975e+00,
1.89000000e+00,6.18817812e-01,1.89000000e+00,6.18648048e-01,1.89000000e+00,5.17295031e-01,1.89000000e+00,1.09321818e+00,1.89000000e+00,1.01158489e+00,1.89000000e+00,1.09306056e+00,1.89000000e+00,1.01047917e+00,1.89000000e+00,1.17249539e+00,
1.90000000e+00,6.14783771e-01,1.90000000e+00,6.14613935e-01,1.90000000e+00,5.11930586e-01,1.90000000e+00,1.08813963e+00,1.90000000e+00,9.99954474e-01,1.90000000e+00,1.08797835e+00,1.90000000e+00,9.98817136e-01,1.90000000e+00,1.16712961e+00,
1.91000000e+00,6.10842355e-01,1.91000000e+00,6.10672471e-01,1.91000000e+00,5.06727304e-01,1.91000000e+00,1.08299611e+00,1.91000000e+00,9.88031099e-01,1.91000000e+00,1.08283123e+00,1.91000000e+00,9.86867722e-01,1.91000000e+00,1.16146890e+00,
1.92000000e+00,6.06990052e-01,1.92000000e+00,6.06820142e-01,1.92000000e+00,5.01677946e-01,1.92000000e+00,1.07779481e+00,1.92000000e+00,9.75899790e-01,1.92000000e+00,1.07762642e+00,1.92000000e+00,9.74717215e-01,1.92000000e+00,1.15552122e+00,
1.93000000e+00,6.03223565e-01,1.93000000e+00,6.03053651e-01,1.93000000e+00,4.96775686e-01,1.93000000e+00,1.07254343e+00,1.93000000e+00,9.63657991e-01,1.93000000e+00,1.07237161e+00,1.93000000e+00,9.62463771e-01,1.93000000e+00,1.14929607e+00,
1.94000000e+00,5.99539790e-01,1.94000000e+00,5.99369892e-01,1.94000000e+00,4.92014085e-01,1.94000000e+00,1.06725020e+00,1.94000000e+00,9.51405817e-01,1.94000000e+00,1.06707506e+00,1.94000000e+00,9.50207495e-01,1.94000000e+00,1.14280458e+00,
1.95000000e+00,5.95935796e-01,1.95000000e+00,5.95765933e-01,1.95000000e+00,4.87387065e-01,1.95000000e+00,1.06192391e+00,1.95000000e+00,9.39235740e-01,1.95000000e+00,1.06174557e+00,1.95000000e+00,9.38040167e-01,1.95000000e+00,1.13605964e+00,
1.96000000e+00,5.92408813e-01,1.96000000e+00,5.92239002e-01,1.96000000e+00,4.82888891e-01,1.96000000e+00,1.05657387e+00,1.96000000e+00,9.27224975e-01,1.96000000e+00,1.05639246e+00,1.96000000e+00,9.26037896e-01,1.96000000e+00,1.12907609e+00,
1.97000000e+00,5.88956213e-01,1.97000000e+00,5.88786473e-01,1.97000000e+00,4.78514142e-01,1.97000000e+00,1.05120984e+00,1.97000000e+00,9.15432369e-01,1.97000000e+00,1.05102553e+00,1.97000000e+00,9.14258291e-01,1.97000000e+00,1.12187089e+00,
1.98000000e+00,5.85575506e-01,1.98000000e+00,5.85405851e-01,1.98000000e+00,4.74257697e-01,1.98000000e+00,1.04584195e+00,1.98000000e+00,9.03899227e-01,1.98000000e+00,1.04565489e+00,1.98000000e+00,9.02741523e-01,1.98000000e+00,1.11446327e+00,
1.99000000e+00,5.82264320e-01,1.99000000e+00,5.82094766e-01,1.99000000e+00,4.70114711e-01,1.99000000e+00,1.04048046e+00,1.99000000e+00,8.92652302e-01,1.99000000e+00,1.04029082e+00,1.99000000e+00,8.91513403e-01,1.99000000e+00,1.10687493e+00,
2.00000000e+00,5.79020402e-01,2.00000000e+00,5.78850961e-01,2.00000000e+00,4.66080600e-01,2.00000000e+00,1.03513553e+00,2.00000000e+00,8.81707272e-01,2.00000000e+00,1.03494350e+00,2.00000000e+00,8.80588869e-01,2.00000000e+00,1.09913007e+00,
2.01000000e+00,5.75841600e-01,2.01000000e+00,5.75672286e-01,2.01000000e+00,4.62151023e-01,2.01000000e+00,1.02981699e+00,2.01000000e+00,8.71071780e-01,2.01000000e+00,1.02962275e+00,2.01000000e+00,8.69974999e-01,2.01000000e+00,1.09125540e+00,
2.02000000e+00,5.72725863e-01,2.02000000e+00,5.72556687e-01,2.02000000e+00,4.58321867e-01,2.02000000e+00,1.02453399e+00,2.02000000e+00,8.60747779e-01,2.02000000e+00,1.02433772e+00,2.02000000e+00,8.59673315e-01,2.02000000e+00,1.08327986e+00,
2.03000000e+00,5.69671232e-01,2.03000000e+00,5.69502205e-01,2.03000000e+00,4.54589233e-01,2.03000000e+00,1.01929478e+00,2.03000000e+00,8.50733233e-01,2.03000000e+00,1.01909666e+00,2.03000000e+00,8.49681452e-01,2.03000000e+00,1.07523402e+00,
2.04000000e+00,5.66675834e-01,2.04000000e+00,5.66506965e-01,2.04000000e+00,4.50949420e-01,2.04000000e+00,1.01410653e+00,2.04000000e+00,8.41023322e-01,2.04000000e+00,1.01390672e+00,2.04000000e+00,8.39994334e-01,2.04000000e+00,1.06714934e+00,
2.05000000e+00,5.63737876e-01,2.05000000e+00,5.63569175e-01,2.05000000e+00,4.47398919e-01,2.05000000e+00,1.00897520e+00,2.05000000e+00,8.31611298e-01,2.05000000e+00,1.00877383e+00,2.05000000e+00,8.30605018e-01,2.05000000e+00,1.05905689e+00,
2.06000000e+00,5.60855641e-01,2.06000000e+00,5.60687116e-01,2.06000000e+00,4.43934392e-01,2.06000000e+00,1.00390551e+00,2.06000000e+00,8.22489097e-01,2.06000000e+00,1.00370272e+00,2.06000000e+00,8.21505288e-01,2.06000000e+00,1.05098617e+00,
2.07000000e+00,5.58027486e-01,2.07000000e+00,5.57859144e-01,2.07000000e+00,4.40552671e-01,2.07000000e+00,9.98901031e-01,2.07000000e+00,8.13647763e-01,2.07000000e+00,9.98696938e-01,2.07000000e+00,8.12686070e-01,2.07000000e+00,1.04296381e+00,
2.08000000e+00,5.55251834e-01,2.08000000e+00,5.55083682e-01,2.08000000e+00,4.37250741e-01,2.08000000e+00,9.93964294e-01,2.08000000e+00,8.05077850e-01,2.08000000e+00,9.93758995e-01,2.08000000e+00,8.04137834e-01,2.08000000e+00,1.03501265e+00,
2.09000000e+00,5.52527172e-01,2.09000000e+00,5.52359217e-01,2.09000000e+00,4.34025734e-01,2.09000000e+00,9.89096938e-01,2.09000000e+00,7.96769666e-01,2.09000000e+00,9.88890520e-01,2.09000000e+00,7.95850822e-01,2.09000000e+00,1.02715127e+00,
2.10000000e+00,5.49852048e-01,2.10000000e+00,5.49684295e-01,2.10000000e+00,4.30874921e-01,2.10000000e+00,9.84299871e-01,2.10000000e+00,7.88713451e-01,2.10000000e+00,9.84092409e-01,2.10000000e+00,7.87815226e-01,2.10000000e+00,1.01939396e+00,
2.11000000e+00,5.47225069e-01,2.11000000e+00,5.47057523e-01,2.11000000e+00,4.27795701e-01,2.11000000e+00,9.79573423e-01,2.11000000e+00,7.80899521e-01,2.11000000e+00,9.79364984e-01,2.11000000e+00,7.80021331e-01,2.11000000e+00,1.01175108e+00,
2.12000000e+00,5.44644894e-01,2.12000000e+00,5.44477560e-01,2.12000000e+00,4.24785595e-01,2.12000000e+00,9.74917481e-01,2.12000000e+00,7.73318390e-01,2.12000000e+00,9.74708124e-01,2.12000000e+00,7.72459629e-01,2.12000000e+00,1.00422968e+00,
2.13000000e+00,5.42110235e-01,2.13000000e+00,5.41943118e-01,2.13000000e+00,4.21842242e-01,2.13000000e+00,9.70331599e-01,2.13000000e+00,7.65960844e-01,2.13000000e+00,9.70121377e-01,2.13000000e+00,7.65120895e-01,2.13000000e+00,9.96834155e-01,
2.14000000e+00,5.39619855e-01,2.14000000e+00,5.39452958e-01,2.14000000e+00,4.18963387e-01,2.14000000e+00,9.65815089e-01,2.14000000e+00,7.58818009e-01,2.14000000e+00,9.65604050e-01,2.14000000e+00,7.57996251e-01,2.14000000e+00,9.89566855e-01,
2.15000000e+00,5.37172562e-01,2.15000000e+00,5.37005889e-01,2.15000000e+00,4.16146878e-01,2.15000000e+00,9.61367091e-01,2.15000000e+00,7.51881379e-01,2.15000000e+00,9.61155278e-01,2.15000000e+00,7.51077194e-01,2.15000000e+00,9.82428616e-01,
2.16000000e+00,5.34767210e-01,2.16000000e+00,5.34600762e-01,2.16000000e+00,4.13390663e-01,2.16000000e+00,9.56986620e-01,2.16000000e+00,7.45142838e-01,2.16000000e+00,9.56774074e-01,2.16000000e+00,7.44355614e-01,2.16000000e+00,9.75419169e-01,
2.17000000e+00,5.32402693e-01,2.17000000e+00,5.32236475e-01,2.17000000e+00,4.10692776e-01,2.17000000e+00,9.52672616e-01,2.17000000e+00,7.38594662e-01,2.17000000e+00,9.52459374e-01,2.17000000e+00,7.37823794e-01,2.17000000e+00,9.68537452e-01,
2.18000000e+00,5.30077948e-01,2.18000000e+00,5.29911962e-01,2.18000000e+00,4.08051343e-01,2.18000000e+00,9.48423962e-01,2.18000000e+00,7.32229507e-01,2.18000000e+00,9.48210060e-01,2.18000000e+00,7.31474404e-01,2.18000000e+00,9.61781821e-01,
2.19000000e+00,5.27791950e-01,2.19000000e+00,5.27626198e-01,2.19000000e+00,4.05464569e-01,2.19000000e+00,9.44239515e-01,2.19000000e+00,7.26040391e-01,2.19000000e+00,9.44024985e-01,2.19000000e+00,7.25300476e-01,2.19000000e+00,9.55150216e-01,
2.20000000e+00,5.25543712e-01,2.20000000e+00,5.25378196e-01,2.20000000e+00,4.02930737e-01,2.20000000e+00,9.40118113e-01,2.20000000e+00,7.20020674e-01,2.20000000e+00,9.39902987e-01,2.20000000e+00,7.19295383e-01,2.20000000e+00,9.48640258e-01,
2.21000000e+00,5.23332280e-01,2.21000000e+00,5.23167001e-01,2.21000000e+00,4.00448203e-01,2.21000000e+00,9.36058591e-01,2.21000000e+00,7.14164029e-01,2.21000000e+00,9.35842899e-01,2.21000000e+00,7.13452814e-01,2.21000000e+00,9.42249321e-01,
2.22000000e+00,5.21156736e-01,2.22000000e+00,5.20991695e-01,2.22000000e+00,3.98015394e-01,2.22000000e+00,9.32059789e-01,2.22000000e+00,7.08464419e-01,2.22000000e+00,9.31843559e-01,2.22000000e+00,7.07766749e-01,2.22000000e+00,9.35974583e-01,
2.23000000e+00,5.19016191e-01,2.23000000e+00,5.18851390e-01,2.23000000e+00,3.95630800e-01,2.23000000e+00,9.28120555e-01,2.23000000e+00,7.02916076e-01,2.23000000e+00,9.27903814e-01,2.23000000e+00,7.02231435e-01,2.23000000e+00,9.29813051e-01,
2.24000000e+00,5.16909789e-01,2.24000000e+00,5.16745229e-01,2.24000000e+00,3.93292976e-01,2.24000000e+00,9.24239750e-01,2.24000000e+00,6.97513476e-01,2.24000000e+00,9.24022524e-01,2.24000000e+00,6.96841367e-01,2.24000000e+00,9.23761584e-01,
2.25000000e+00,5.14836705e-01,2.25000000e+00,5.14672386e-01,2.25000000e+00,3.91000535e-01,2.25000000e+00,9.20416253e-01,2.25000000e+00,6.92251326e-01,2.25000000e+00,9.20198567e-01,2.25000000e+00,6.91591268e-01,2.25000000e+00,9.17816914e-01,
2.26000000e+00,5.12796137e-01,2.26000000e+00,5.12632061e-01,2.26000000e+00,3.88752148e-01,2.26000000e+00,9.16648960e-01,2.26000000e+00,6.87124547e-01,2.26000000e+00,9.16430837e-01,2.26000000e+00,6.86476076e-01,2.26000000e+00,9.11975671e-01,
2.27000000e+00,5.10787315e-01,2.27000000e+00,5.10623482e-01,2.27000000e+00,3.86546536e-01,2.27000000e+00,9.12936785e-01,2.27000000e+00,6.82128261e-01,2.27000000e+00,9.12718248e-01,2.27000000e+00,6.81490932e-01,2.27000000e+00,9.06234415e-01,
2.28000000e+00,5.08809492e-01,2.28000000e+00,5.08645901e-01,2.28000000e+00,3.84382473e-01,2.28000000e+00,9.09278664e-01,2.28000000e+00,6.77257784e-01,2.28000000e+00,9.09059736e-01,2.28000000e+00,6.76631169e-01,2.28000000e+00,9.00589688e-01,
2.29000000e+00,5.06861946e-01,2.29000000e+00,5.06698599e-01,2.29000000e+00,3.82258781e-01,2.29000000e+00,9.05673555e-01,2.29000000e+00,6.72508616e-01,2.29000000e+00,9.05454255e-01,2.29000000e+00,6.71892302e-01,2.29000000e+00,8.95038080e-01,
2.30000000e+00,5.04943979e-01,2.30000000e+00,5.04780875e-01,2.30000000e+00,3.80174327e-01,2.30000000e+00,9.02120435e-01,2.30000000e+00,6.67876432e-01,2.30000000e+00,9.01900784e-01,2.30000000e+00,6.67270025e-01,2.30000000e+00,8.89576297e-01,
2.31000000e+00,5.03054915e-01,2.31000000e+00,5.02892054e-01,2.31000000e+00,3.78128022e-01,2.31000000e+00,8.98618302e-01,2.31000000e+00,6.63357081e-01,2.31000000e+00,8.98398319e-01,2.31000000e+00,6.62760201e-01,2.31000000e+00,8.84201233e-01,
2.32000000e+00,5.01194100e-01,2.32000000e+00,5.01031482e-01,2.32000000e+00,3.76118819e-01,2.32000000e+00,8.95166177e-01,2.32000000e+00,6.58946572e-01,2.32000000e+00,8.94945881e-01,2.32000000e+00,6.58358859e-01,2.32000000e+00,8.78910030e-01,
2.33000000e+00,4.99360902e-01,2.33000000e+00,4.99198527e-01,2.33000000e+00,3.74145710e-01,2.33000000e+00,8.91763101e-01,2.33000000e+00,6.54641079e-01,2.33000000e+00,8.91542509e-01,2.33000000e+00,6.54062186e-01,2.33000000e+00,8.73700109e-01,
2.34000000e+00,4.97554706e-01,2.34000000e+00,4.97392573e-01,2.34000000e+00,3.72207724e-01,2.34000000e+00,8.88408135e-01,2.34000000e+00,6.50436926e-01,2.34000000e+00,8.88187265e-01,2.34000000e+00,6.49866521e-01,2.34000000e+00,8.68569182e-01,
2.35000000e+00,4.95774919e-01,2.35000000e+00,4.95613028e-01,2.35000000e+00,3.70303927e-01,2.35000000e+00,8.85100363e-01,2.35000000e+00,6.46330588e-01,2.35000000e+00,8.84879231e-01,2.35000000e+00,6.45768356e-01,2.35000000e+00,8.63515238e-01,
2.36000000e+00,4.94020964e-01,2.36000000e+00,4.93859315e-01,2.36000000e+00,3.68433418e-01,2.36000000e+00,8.81838887e-01,2.36000000e+00,6.42318684e-01,2.36000000e+00,8.81617509e-01,2.36000000e+00,6.41764322e-01,2.36000000e+00,8.58536515e-01,
2.37000000e+00,4.92292285e-01,2.37000000e+00,4.92130877e-01,2.37000000e+00,3.66595329e-01,2.37000000e+00,8.78622831e-01,2.37000000e+00,6.38397972e-01,2.37000000e+00,8.78401222e-01,2.37000000e+00,6.37851192e-01,2.37000000e+00,8.53631465e-01,
2.38000000e+00,4.90588339e-01,2.38000000e+00,4.90427171e-01,2.38000000e+00,3.64788824e-01,2.38000000e+00,8.75451337e-01,2.38000000e+00,6.34565344e-01,2.38000000e+00,8.75229512e-01,2.38000000e+00,6.34025871e-01,2.38000000e+00,8.48798712e-01,
2.39000000e+00,4.88908601e-01,2.39000000e+00,4.88747673e-01,2.39000000e+00,3.63013095e-01,2.39000000e+00,8.72323567e-01,2.39000000e+00,6.30817823e-01,2.39000000e+00,8.72101540e-01,2.39000000e+00,6.30285392e-01,2.39000000e+00,8.44037017e-01,
2.40000000e+00,4.87252563e-01,2.40000000e+00,4.87091873e-01,2.40000000e+00,3.61267363e-01,2.40000000e+00,8.69238702e-01,2.40000000e+00,6.27152552e-01,2.40000000e+00,8.69016486e-01,2.40000000e+00,6.26626915e-01,2.40000000e+00,8.39345246e-01,
