0.00000000e+00,-1.46567236e+01,0.00000000e+00,-1.46599555e+01,0.00000000e+00,-1.41461720e+01,0.00000000e+00,-9.62785190e+00,0.00000000e+00,-7.55534222e+00,0.00000000e+00,-9.62844424e+00,0.00000000e+00,-7.55063295e+00,0.00000000e+00,-5.35466940e+00,
1.00000000e-02,-1.45416163e+01,1.00000000e-02,-1.45448363e+01,1.00000000e-02,-1.40017354e+01,1.00000000e-02,-9.51584378e+00,1.00000000e-02,-7.35581745e+00,1.00000000e-02,-9.51642529e+00,1.00000000e-02,-7.35090833e+00,1.00000000e-02,-5.23997435e+00,
2.00000000e-02,-1.44268132e+01,2.00000000e-02,-1.44300214e+01,2.00000000e-02,-1.38578056e+01,2.00000000e-02,-9.40415698e+00,2.00000000e-02,-7.15722817e+00,2.00000000e-02,-9.40472791e+00,2.00000000e-02,-7.15211989e+00,2.00000000e-02,-5.12597947e+00,
3.00000000e-02,-1.43111022e+01,3.00000000e-02,-1.43142986e+01,3.00000000e-02,-1.37125053e+01,3.00000000e-02,-9.29168308e+00,3.00000000e-02,-6.95600593e+00,3.00000000e-02,-9.29224366e+00,3.00000000e-02,-6.95069087e+00,3.00000000e-02,-5.01169132e+00,
4.00000000e-02,-1.41944668e+01,4.00000000e-02,-1.41976515e+01,4.00000000e-02,-1.35658057e+01,4.00000000e-02,-9.17842094e+00,4.00000000e-02,-6.75214361e+00,4.00000000e-02,-9.17897142e+00,4.00000000e-02,-6.74661380e+00,4.00000000e-02,-4.89670554e+00,
5.00000000e-02,-1.40768882e+01,5.00000000e-02,-1.40800609e+01,5.00000000e-02,-1.34176759e+01,5.00000000e-02,-9.06436972e+00,5.00000000e-02,-6.54563906e+00,5.00000000e-02,-9.06491037e+00,5.00000000e-02,-6.53988616e+00,5.00000000e-02,-4.78056126e+00,
6.00000000e-02,-1.39583476e+01,6.00000000e-02,-1.39615084e+01,6.00000000e-02,-1.32680845e+01,6.00000000e-02,-8.94953226e+00,6.00000000e-02,-6.33650387e+00,6.00000000e-02,-8.95006339e+00,6.00000000e-02,-6.33051922e+00,6.00000000e-02,-4.66275636e+00,
7.00000000e-02,-1.38388259e+01,7.00000000e-02,-1.38419748e+01,7.00000000e-02,-1.31169990e+01,7.00000000e-02,-8.83391479e+00,7.00000000e-02,-6.12476328e+00,7.00000000e-02,-8.83443676e+00,7.00000000e-02,-6.11853790e+00,7.00000000e-02,-4.54278627e+00,
8.00000000e-02,-1.37183033e+01,8.00000000e-02,-1.37214402e+01,8.00000000e-02,-1.29643861e+01,8.00000000e-02,-8.71752764e+00,8.00000000e-02,-5.91045812e+00,8.00000000e-02,-8.71804082e+00,8.00000000e-02,-5.90398276e+00,8.00000000e-02,-4.42019161e+00,
9.00000000e-02,-1.35967594e+01,9.00000000e-02,-1.35998843e+01,9.00000000e-02,-1.28102111e+01,9.00000000e-02,-8.60038601e+00,9.00000000e-02,-5.69364671e+00,9.00000000e-02,-8.60089085e+00,9.00000000e-02,-5.68691192e+00,9.00000000e-02,-4.29460908e+00,
1.00000000e-01,-1.34741734e+01,1.00000000e-01,-1.34772862e+01,1.00000000e-01,-1.26544384e+01,1.00000000e-01,-8.48251104e+00,1.00000000e-01,-5.47440663e+00,1.00000000e-01,-8.48300804e+00,1.00000000e-01,-5.46740281e+00,1.00000000e-01,-4.16581584e+00,
1.10000000e-01,-1.33505237e+01,1.10000000e-01,-1.33536245e+01,1.10000000e-01,-1.24970313e+01,1.10000000e-01,-8.36393098e+00,1.10000000e-01,-5.25283597e+00,1.10000000e-01,-8.36442071e+00,1.10000000e-01,-5.24555350e+00,1.10000000e-01,-4.03375792e+00,
1.20000000e-01,-1.32257881e+01,1.20000000e-01,-1.32288768e+01,1.20000000e-01,-1.23379517e+01,1.20000000e-01,-8.24468261e+00,1.20000000e-01,-5.02905386e+00,1.20000000e-01,-8.24516574e+00,1.20000000e-01,-5.02148320e+00,1.20000000e-01,-3.89855771e+00,
1.30000000e-01,-1.30999437e+01,1.30000000e-01,-1.31030203e+01,1.30000000e-01,-1.21771605e+01,1.30000000e-01,-8.12481301e+00,1.30000000e-01,-4.80319965e+00,1.30000000e-01,-8.12529030e+00,1.30000000e-01,-4.79533155e+00,1.30000000e-01,-3.76050226e+00,
1.40000000e-01,-1.29729671e+01,1.40000000e-01,-1.29760316e+01,1.40000000e-01,-1.20146170e+01,1.40000000e-01,-8.00438160e+00,1.40000000e-01,-4.57543028e+00,1.40000000e-01,-8.00485395e+00,1.40000000e-01,-4.56725590e+00,1.40000000e-01,-3.62001945e+00,
1.50000000e-01,-1.28448340e+01,1.50000000e-01,-1.28478863e+01,1.50000000e-01,-1.18502795e+01,1.50000000e-01,-7.88346263e+00,1.50000000e-01,-4.34591495e+00,1.50000000e-01,-7.88393109e+00,1.50000000e-01,-4.33742612e+00,1.50000000e-01,-3.47765161e+00,
1.60000000e-01,-1.27155195e+01,1.60000000e-01,-1.27185597e+01,1.60000000e-01,-1.16841048e+01,1.60000000e-01,-7.76214819e+00,1.60000000e-01,-4.11482659e+00,1.60000000e-01,-7.76261397e+00,1.60000000e-01,-4.10601605e+00,1.60000000e-01,-3.33403231e+00,
1.70000000e-01,-1.25849979e+01,1.70000000e-01,-1.25880260e+01,1.70000000e-01,-1.15160482e+01,1.70000000e-01,-7.64055167e+00,1.70000000e-01,-3.88232962e+00,1.70000000e-01,-7.64101622e+00,1.70000000e-01,-3.87319125e+00,1.70000000e-01,-3.18987886e+00,
1.80000000e-01,-1.24532429e+01,1.80000000e-01,-1.24562587e+01,1.80000000e-01,-1.13460637e+01,1.80000000e-01,-7.51881206e+00,1.80000000e-01,-3.64856439e+00,1.80000000e-01,-7.51927706e+00,1.80000000e-01,-3.63909349e+00,1.80000000e-01,-3.04599971e+00,
1.90000000e-01,-1.23202271e+01,1.90000000e-01,-1.23232308e+01,1.90000000e-01,-1.11741036e+01,1.90000000e-01,-7.39709881e+00,1.90000000e-01,-3.41362982e+00,1.90000000e-01,-7.39756625e+00,1.90000000e-01,-3.40382336e+00,1.90000000e-01,-2.90330498e+00,
2.00000000e-01,-1.21859226e+01,2.00000000e-01,-1.21889142e+01,2.00000000e-01,-1.10001190e+01,2.00000000e-01,-7.27561768e+00,2.00000000e-01,-3.17756754e+00,2.00000000e-01,-7.27608992e+00,2.00000000e-01,-3.16742444e+00,2.00000000e-01,-2.76282913e+00,
2.10000000e-01,-1.20503007e+01,2.10000000e-01,-1.20532802e+01,2.10000000e-01,-1.08240590e+01,2.10000000e-01,-7.15461742e+00,2.10000000e-01,-2.94035253e+00,2.10000000e-01,-7.15509722e+00,2.10000000e-01,-2.92987396e+00,2.10000000e-01,-2.62576486e+00,
2.20000000e-01,-1.19133317e+01,2.20000000e-01,-1.19162991e+01,2.20000000e-01,-1.06458715e+01,2.20000000e-01,-7.03439736e+00,2.20000000e-01,-2.70189592e+00,2.20000000e-01,-7.03488799e+00,2.20000000e-01,-2.69108568e+00,2.20000000e-01,-2.49349943e+00,
2.30000000e-01,-1.17749853e+01,2.30000000e-01,-1.17779405e+01,2.30000000e-01,-1.04655024e+01,2.30000000e-01,-6.91531593e+00,2.30000000e-01,-2.46206448e+00,2.30000000e-01,-6.91582123e+00,2.30000000e-01,-2.45092948e+00,2.30000000e-01,-2.36765117e+00,
2.40000000e-01,-1.16352300e+01,2.40000000e-01,-1.16381732e+01,2.40000000e-01,-1.02828961e+01,2.40000000e-01,-6.79779983e+00,2.40000000e-01,-2.22071759e+00,2.40000000e-01,-6.79832431e+00,2.40000000e-01,-2.20926840e+00,2.40000000e-01,-2.25010074e+00,
2.50000000e-01,-1.14940337e+01,2.50000000e-01,-1.14969649e+01,2.50000000e-01,-1.00979952e+01,2.50000000e-01,-6.68235358e+00,2.50000000e-01,-1.97775723e+00,2.50000000e-01,-6.68290249e+00,2.50000000e-01,-1.96600880e+00,2.50000000e-01,-2.14300978e+00,
2.60000000e-01,-1.13513635e+01,2.60000000e-01,-1.13542828e+01,2.60000000e-01,-9.91074062e+00,2.60000000e-01,-6.56956882e+00,2.60000000e-01,-1.73318298e+00,2.60000000e-01,-6.57014827e+00,2.60000000e-01,-1.72115536e+00,2.60000000e-01,-2.04881768e+00,
2.70000000e-01,-1.12071855e+01,2.70000000e-01,-1.12100929e+01,2.70000000e-01,-9.72107161e+00,2.70000000e-01,-6.46013254e+00,2.70000000e-01,-1.48714312e+00,2.70000000e-01,-6.46074956e+00,2.70000000e-01,-1.47486225e+00,2.70000000e-01,-1.97020627e+00,
2.80000000e-01,-1.10614649e+01,2.80000000e-01,-1.10643604e+01,2.80000000e-01,-9.52892556e+00,2.80000000e-01,-6.35483285e+00,2.80000000e-01,-1.23997687e+00,2.80000000e-01,-6.35549547e+00,2.80000000e-01,-1.22747549e+00,2.80000000e-01,-1.91002438e+00,
2.90000000e-01,-1.09141661e+01,2.90000000e-01,-1.09170499e+01,2.90000000e-01,-9.33423816e+00,2.90000000e-01,-6.25456085e+00,2.90000000e-01,-9.92247914e-01,2.90000000e-01,-6.25527808e+00,2.90000000e-01,-9.79566648e-01,2.90000000e-01,-1.87116954e+00,
3.00000000e-01,-1.07652526e+01,3.00000000e-01,-1.07681247e+01,3.00000000e-01,-9.13694339e+00,3.00000000e-01,-6.16030654e+00,3.00000000e-01,-7.44774438e-01,3.00000000e-01,-6.16108838e+00,3.00000000e-01,-7.31963209e-01,3.00000000e-01,-1.85643478e+00,
3.10000000e-01,-1.06146869e+01,3.10000000e-01,-1.06175475e+01,3.10000000e-01,-8.93697354e+00,3.10000000e-01,-6.07314689e+00,3.10000000e-01,-4.98663152e-01,3.10000000e-01,-6.07400422e+00,3.10000000e-01,-4.85783102e-01,3.10000000e-01,-1.86834071e+00,
3.20000000e-01,-1.04624308e+01,3.20000000e-01,-1.04652799e+01,3.20000000e-01,-8.73425924e+00,3.20000000e-01,-5.99422448e+00,3.20000000e-01,-2.55354694e-01,3.20000000e-01,-5.99516887e+00,3.20000000e-01,-2.42480744e-01,3.20000000e-01,-1.90898339e+00,
3.30000000e-01,-1.03084451e+01,3.30000000e-01,-1.03112829e+01,3.30000000e-01,-8.52872960e+00,3.30000000e-01,-5.92471585e+00,3.30000000e-01,-1.66462660e-02,3.30000000e-01,-5.92575931e+00,3.30000000e-01,-3.87163749e-03,3.30000000e-01,-1.97993070e+00,
3.40000000e-01,-1.01526896e+01,3.40000000e-01,-1.01555163e+01,3.40000000e-01,-8.32031221e+00,3.40000000e-01,-5.86579041e+00,3.40000000e-01,2.15211194e-01,3.40000000e-01,-5.86694503e+00,3.40000000e-01,2.27773326e-01,3.40000000e-01,-2.08219109e+00,
3.50000000e-01,-9.99512323e+00,3.50000000e-01,-9.99793900e+00,3.50000000e-01,-8.10893332e+00,3.50000000e-01,-5.81856242e+00,3.50000000e-01,4.37316331e-01,3.50000000e-01,-5.81983999e+00,3.50000000e-01,4.49528039e-01,3.50000000e-01,-2.21626092e+00,
3.60000000e-01,-9.83570396e+00,3.60000000e-01,-9.83850900e+00,3.60000000e-01,-7.89451798e+00,3.60000000e-01,-5.78404089e+00,3.60000000e-01,6.46057007e-01,3.60000000e-01,-5.78545252e+00,3.60000000e-01,6.57747946e-01,3.60000000e-01,-2.38223716e+00,
3.70000000e-01,-9.67438860e+00,3.70000000e-01,-9.67718316e+00,3.70000000e-01,-7.67699018e+00,3.70000000e-01,-5.76308349e+00,3.70000000e-01,8.37059448e-01,3.70000000e-01,-5.76463924e+00,3.70000000e-01,8.48023046e-01,3.70000000e-01,-2.57996893e+00,
3.80000000e-01,-9.51113278e+00,3.80000000e-01,-9.51391713e+00,3.80000000e-01,-7.45627312e+00,3.80000000e-01,-5.75636115e+00,3.80000000e-01,1.00508603e+00,3.80000000e-01,-5.75806976e+00,3.80000000e-01,1.01507666e+00,3.80000000e-01,-2.80921848e+00,
3.90000000e-01,-9.34589079e+00,3.90000000e-01,-9.34866524e+00,3.90000000e-01,-7.23228945e+00,3.90000000e-01,-5.76433889e+00,3.90000000e-01,1.14406408e+00,3.90000000e-01,-5.76620766e+00,3.90000000e-01,1.15279855e+00,3.90000000e-01,-3.06980813e+00,
4.00000000e-01,-9.17861532e+00,4.00000000e-01,-9.18138024e+00,4.00000000e-01,-7.00496161e+00,4.00000000e-01,-5.78727574e+00,4.00000000e-01,1.24728532e+00,4.00000000e-01,-5.78931060e+00,4.00000000e-01,1.25445194e+00,4.00000000e-01,-3.36174073e+00,
4.10000000e-01,-9.00925720e+00,4.10000000e-01,-9.01201298e+00,4.10000000e-01,-6.77421223e+00,4.10000000e-01,-5.82524379e+00,4.10000000e-01,1.30785163e+00,4.10000000e-01,-5.82744943e+00,4.10000000e-01,1.31312979e+00,4.10000000e-01,-3.68529079e+00,
4.20000000e-01,-8.83776495e+00,4.20000000e-01,-8.84051206e+00,4.20000000e-01,-6.53996462e+00,4.20000000e-01,-5.87816275e+00,4.20000000e-01,1.31940107e+00,4.20000000e-01,-5.88054294e+00,4.20000000e-01,1.32249187e+00,4.20000000e-01,-4.04107148e+00,
4.30000000e-01,-8.66408431e+00,4.30000000e-01,-8.66682326e+00,4.30000000e-01,-6.30214340e+00,4.30000000e-01,-5.94584479e+00,4.30000000e-01,1.27704615e+00,4.30000000e-01,-5.94840271e+00,4.30000000e-01,1.27771041e+00,4.30000000e-01,-4.43008542e+00,
4.40000000e-01,-8.48815751e+00,4.40000000e-01,-8.49088891e+00,4.40000000e-01,-6.06067534e+00,4.40000000e-01,-6.02804343e+00,4.40000000e-01,1.17832134e+00,4.40000000e-01,-6.03078209e+00,4.40000000e-01,1.17641574e+00,4.40000000e-01,-4.85376918e+00,
4.50000000e-01,-8.30992251e+00,4.50000000e-01,-8.31264703e+00,4.50000000e-01,-5.81549034e+00,4.50000000e-01,-6.12450119e+00,4.50000000e-01,1.02384425e+00,4.50000000e-01,-6.12742380e+00,4.50000000e-01,1.01934438e+00,4.50000000e-01,-5.31404011e+00,
4.60000000e-01,-8.12931196e+00,4.60000000e-01,-8.13203038e+00,4.60000000e-01,-5.56652286e+00,4.60000000e-01,-6.23499210e+00,4.60000000e-01,8.17431771e-01,4.60000000e-01,-6.23810238e+00,4.60000000e-01,8.10433394e-01,4.60000000e-01,-5.81335454e+00,
4.70000000e-01,-7.94625205e+00,4.70000000e-01,-7.94896525e+00,4.70000000e-01,-5.31371378e+00,4.70000000e-01,-6.35935691e+00,4.70000000e-01,5.65585165e-01,4.70000000e-01,-6.36265943e+00,4.70000000e-01,5.56282477e-01,4.70000000e-01,-6.35478588e+00,
4.80000000e-01,-7.76066118e+00,4.80000000e-01,-7.76337018e+00,4.80000000e-01,-5.05701290e+00,4.80000000e-01,-6.49753076e+00,4.80000000e-01,2.76470419e-01,4.80000000e-01,-6.50103117e+00,4.80000000e-01,2.65117214e-01,4.80000000e-01,-6.94213258e+00,
4.90000000e-01,-7.57244854e+00,4.90000000e-01,-7.57515446e+00,4.90000000e-01,-4.79638245e+00,4.90000000e-01,-6.64956404e+00,4.90000000e-01,-4.13422052e-02,4.90000000e-01,-6.65326927e+00,4.90000000e-01,-5.44785023e-02,4.90000000e-01,-7.58006892e+00,
5.00000000e-01,-7.38151258e+00,5.00000000e-01,-7.38421675e+00,5.00000000e-01,-4.53180183e+00,5.00000000e-01,-6.81563781e+00,5.00000000e-01,-3.80088432e-01,5.00000000e-01,-6.81955627e+00,5.00000000e-01,-3.94769370e-01,5.00000000e-01,-8.27435692e+00,
5.10000000e-01,-7.18773974e+00,5.10000000e-01,-7.19044364e+00,5.10000000e-01,-4.26327410e+00,5.10000000e-01,-6.99607559e+00,5.10000000e-01,-7.33726312e-01,5.10000000e-01,-7.00021735e+00,5.10000000e-01,-7.49773049e-01,5.10000000e-01,-9.03214687e+00,
5.20000000e-01,-6.99100327e+00,5.20000000e-01,-6.99370862e+00,5.20000000e-01,-3.99083493e+00,5.20000000e-01,-7.19135318e+00,5.20000000e-01,-1.09840629e+00,5.20000000e-01,-7.19573012e+00,5.20000000e-01,-1.11571348e+00,5.20000000e-01,-9.86241019e+00,
5.30000000e-01,-6.79116282e+00,5.30000000e-01,-6.79387157e+00,5.30000000e-01,-3.71456454e+00,5.30000000e-01,-7.40210798e+00,5.30000000e-01,-1.47247140e+00,5.30000000e-01,-7.40673399e+00,5.30000000e-01,-1.49100487e+00,5.30000000e-01,-1.07765762e+01,
5.40000000e-01,-6.58806490e+00,5.40000000e-01,-6.59077929e+00,5.40000000e-01,-3.43460392e+00,5.40000000e-01,-7.62914904e+00,5.40000000e-01,-1.85609979e+00,5.40000000e-01,-7.63404026e+00,5.40000000e-01,-1.87588344e+00,5.40000000e-01,-1.17894954e+01,
5.50000000e-01,-6.38154484e+00,5.50000000e-01,-6.38426745e+00,5.50000000e-01,-3.15117611e+00,5.50000000e-01,-7.87346888e+00,5.50000000e-01,-2.25078270e+00,5.50000000e-01,-7.87864389e+00,5.50000000e-01,-2.27188170e+00,5.50000000e-01,-1.29209494e+01,
5.60000000e-01,-6.17143103e+00,5.60000000e-01,-6.17416485e+00,5.60000000e-01,-2.86461428e+00,5.60000000e-01,-8.13625754e+00,5.60000000e-01,-2.65881992e+00,5.60000000e-01,-8.14173770e+00,5.60000000e-01,-2.68132599e+00,5.60000000e-01,-1.41981279e+01,
5.70000000e-01,-5.95755218e+00,5.70000000e-01,-5.96030066e+00,5.70000000e-01,-2.57539776e+00,5.70000000e-01,-8.41891957e+00,5.70000000e-01,-3.08293951e+00,5.70000000e-01,-8.42472931e+00,5.70000000e-01,-3.10696083e+00,5.70000000e-01,-1.56599247e+01,
5.80000000e-01,-5.73974892e+00,5.80000000e-01,-5.74251610e+00,5.80000000e-01,-2.28419790e+00,5.80000000e-01,-8.72309355e+00,5.80000000e-01,-3.52606624e+00,5.80000000e-01,-8.72926081e+00,5.80000000e-01,-3.55172226e+00,5.80000000e-01,-1.73649536e+01,
5.90000000e-01,-5.51789104e+00,5.90000000e-01,-5.52068162e+00,5.90000000e-01,-1.99193471e+00,5.90000000e-01,-9.05067390e+00,5.90000000e-01,-3.99121249e+00,5.90000000e-01,-9.05723056e+00,5.90000000e-01,-4.01863237e+00,5.90000000e-01,-1.94079921e+01,
6.00000000e-01,-5.29190175e+00,6.00000000e-01,-5.29472126e+00,6.00000000e-01,-1.69984504e+00,6.00000000e-01,-9.40383333e+00,6.00000000e-01,-4.48144870e+00,6.00000000e-01,-9.41081571e+00,6.00000000e-01,-4.51077218e+00,6.00000000e-01,-2.19584574e+01,
6.10000000e-01,-5.06179042e+00,6.10000000e-01,-5.06464539e+00,6.10000000e-01,-1.40956090e+00,6.10000000e-01,-9.78504303e+00,6.10000000e-01,-4.99991516e+00,6.10000000e-01,-9.79249252e+00,6.10000000e-01,-5.03129479e+00,6.10000000e-01,-2.53699399e+01,
6.20000000e-01,-4.82769446e+00,6.20000000e-01,-4.83059260e+00,6.20000000e-01,-1.12319389e+00,6.20000000e-01,-1.01970857e+01,6.20000000e-01,-5.54984676e+00,6.20000000e-01,-1.02050493e+01,6.20000000e-01,-5.58345071e+00,6.20000000e-01,-3.06174172e+01,
6.30000000e-01,-4.58992994e+00,6.30000000e-01,-4.59288035e+00,6.30000000e-01,-8.43417015e-01,6.30000000e-01,-1.06430526e+01,6.30000000e-01,-6.13459058e+00,6.30000000e-01,-1.06515837e+01,6.30000000e-01,-6.17060563e+00,6.30000000e-01,-4.35029906e+01,
6.40000000e-01,-4.34904880e+00,6.40000000e-01,-4.35206217e+00,6.40000000e-01,-5.73529264e-01,6.40000000e-01,-1.11263125e+01,6.40000000e-01,-6.75759894e+00,6.40000000e-01,-1.11354712e+01,6.40000000e-01,-6.79623325e+00,6.40000000e-01,-3.69250248e+01,
6.50000000e-01,-4.10589815e+00,6.50000000e-01,-4.10898694e+00,6.50000000e-01,-3.17480898e-01,6.50000000e-01,-1.16504328e+01,6.50000000e-01,-7.42237900e+00,6.50000000e-01,-1.16602867e+01,6.50000000e-01,-7.46386431e+00,6.50000000e-01,-2.95881937e+01,
6.60000000e-01,-3.86167397e+00,6.60000000e-01,-3.86485245e+00,6.60000000e-01,-7.98302356e-02,6.60000000e-01,-1.22190299e+01,6.60000000e-01,-8.13237436e+00,6.60000000e-01,-1.22296541e+01,6.60000000e-01,-8.17696715e+00,6.60000000e-01,-2.60409523e+01,
6.70000000e-01,-3.61795850e+00,6.70000000e-01,-3.62124260e+00,6.70000000e-01,1.34402310e-01,6.70000000e-01,-1.28355205e+01,6.70000000e-01,-8.89074825e+00,6.70000000e-01,-1.28469977e+01,6.70000000e-01,-8.93872913e+00,6.70000000e-01,-2.38393357e+01,
6.80000000e-01,-3.37672728e+00,6.80000000e-01,-3.38013413e+00,6.80000000e-01,3.20016909e-01,6.80000000e-01,-1.35027486e+01,6.80000000e-01,-9.70003459e+00,6.80000000e-01,-1.35151683e+01,6.80000000e-01,-9.75170530e+00,6.80000000e-01,-2.23594605e+01,
6.90000000e-01,-3.14030983e+00,6.90000000e-01,-3.14385689e+00,6.90000000e-01,4.72077829e-01,6.90000000e-01,-1.42224786e+01,6.90000000e-01,-1.05616313e+01,6.90000000e-01,-1.42359362e+01,6.90000000e-01,-1.06173089e+01,6.90000000e-01,-2.13475169e+01,
7.00000000e-01,-2.91128966e+00,7.00000000e-01,-2.91499334e+00,7.00000000e-01,5.86517475e-01,7.00000000e-01,-1.49947790e+01,7.00000000e-01,-1.14751382e+01,7.00000000e-01,-1.50093737e+01,7.00000000e-01,-1.15351464e+01,7.00000000e-01,-2.06751617e+01,
7.10000000e-01,-2.69233644e+00,7.10000000e-01,-2.69621032e+00,7.10000000e-01,6.60855837e-01,7.10000000e-01,-1.58173742e+01,7.10000000e-01,-1.24376010e+01,7.10000000e-01,-1.58332075e+01,7.10000000e-01,-1.25022590e+01,7.10000000e-01,-2.02672290e+01,
7.20000000e-01,-2.48597887e+00,7.20000000e-01,-2.49003175e+00,7.20000000e-01,6.94920560e-01,7.20000000e-01,-1.66851111e+01,7.20000000e-01,-1.34428067e+01,7.20000000e-01,-1.67022844e+01,7.20000000e-01,-1.35124190e+01,7.20000000e-01,-2.00734412e+01,
7.30000000e-01,-2.29434886e+00,7.30000000e-01,-2.29858298e+00,7.30000000e-01,6.91366477e-01,7.30000000e-01,-1.75897316e+01,7.30000000e-01,-1.44808702e+01,7.30000000e-01,-1.76083443e+01,7.30000000e-01,-1.45557186e+01,7.30000000e-01,-2.00553290e+01,
7.40000000e-01,-2.11894759e+00,7.40000000e-01,-2.12335757e+00,7.40000000e-01,6.55733946e-01,7.40000000e-01,-1.85201312e+01,7.40000000e-01,-1.55383830e+01,7.40000000e-01,-1.85402801e+01,7.40000000e-01,-1.56187228e+01,7.40000000e-01,-2.01798716e+01,
7.50000000e-01,-1.96049071e+00,7.50000000e-01,-1.96506357e+00,7.50000000e-01,5.95842364e-01,7.50000000e-01,-1.94631824e+01,7.50000000e-01,-1.65993101e+01,7.50000000e-01,-1.94849601e+01,7.50000000e-01,-1.66853720e+01,7.50000000e-01,-2.04168388e+01,
7.60000000e-01,-1.81887394e+00,7.60000000e-01,-1.82359015e+00,7.60000000e-01,5.20557647e-01,7.60000000e-01,-2.04050195e+01,7.60000000e-01,-1.76465923e+01,7.60000000e-01,-2.04285134e+01,7.60000000e-01,-1.77385841e+01,7.60000000e-01,-2.07383507e+01,
7.70000000e-01,-1.69326472e+00,7.70000000e-01,-1.69810018e+00,7.70000000e-01,4.38310650e-01,7.70000000e-01,-2.13325057e+01,7.70000000e-01,-1.86641165e+01,7.70000000e-01,-2.13577966e+01,7.70000000e-01,-1.87622217e+01,7.70000000e-01,-2.11195250e+01,
7.80000000e-01,-1.58228805e+00,7.80000000e-01,-1.58721633e+00,7.80000000e-01,3.55912617e-01,7.80000000e-01,-2.22345263e+01,7.80000000e-01,-1.96385308e+01,7.80000000e-01,-2.22616855e+01,7.80000000e-01,-1.97429017e+01,7.80000000e-01,-2.15392807e+01,
7.90000000e-01,-1.48425198e+00,7.90000000e-01,-1.48924640e+00,7.90000000e-01,2.78032696e-01,7.90000000e-01,-2.31028188e+01,7.90000000e-01,-2.05604283e+01,7.90000000e-01,-2.31319052e+01,7.90000000e-01,-2.06711732e+01,7.90000000e-01,-2.19807444e+01,
8.00000000e-01,-1.39735970e+00,8.00000000e-01,-1.40239491e+00,8.00000000e-01,2.07319905e-01,8.00000000e-01,-2.39322293e+01,8.00000000e-01,-2.14246792e+01,8.00000000e-01,-2.39632871e+01,8.00000000e-01,-2.15418494e+01,8.00000000e-01,-2.24311330e+01,
8.10000000e-01,-1.31987355e+00,8.10000000e-01,-1.32492651e+00,8.10000000e-01,1.44885441e-01,8.10000000e-01,-2.47204685e+01,8.10000000e-01,-2.22300083e+01,8.10000000e-01,-2.47535256e+01,8.10000000e-01,-2.23535887e+01,8.10000000e-01,-2.28812609e+01,
8.20000000e-01,-1.25021745e+00,8.20000000e-01,-1.25526781e+00,8.20000000e-01,9.08472181e-02,8.20000000e-01,-2.54675515e+01,8.20000000e-01,-2.29781120e+01,8.20000000e-01,-2.55026190e+01,8.20000000e-01,-2.31080172e+01,8.20000000e-01,-2.33248812e+01,
8.30000000e-01,-1.18693632e+00,8.30000000e-01,-1.19196649e+00,8.30000000e-01,4.47709617e-02,8.30000000e-01,-2.61750604e+01,8.30000000e-01,-2.36726388e+01,8.30000000e-01,-2.62121333e+01,8.30000000e-01,-2.38087156e+01,8.30000000e-01,-2.37579620e+01,
8.40000000e-01,-1.12883233e+00,8.40000000e-01,-1.13382718e+00,8.40000000e-01,5.96367782e-03,8.40000000e-01,-2.68455865e+01,8.40000000e-01,-2.43181997e+01,8.40000000e-01,-2.68846449e+01,8.40000000e-01,-2.44602340e+01,8.40000000e-01,-2.41781980e+01,
8.50000000e-01,-1.07505793e+00,8.50000000e-01,-1.08000445e+00,8.50000000e-01,-2.62444024e-02,8.50000000e-01,-2.74822947e+01,8.50000000e-01,-2.49197454e+01,8.50000000e-01,-2.75233046e+01,8.50000000e-01,-2.50674705e+01,8.50000000e-01,-2.45845859e+01,
8.60000000e-01,-1.02492138e+00,8.60000000e-01,-1.02980837e+00,8.60000000e-01,-5.25464395e-02,8.60000000e-01,-2.80884210e+01,8.60000000e-01,-2.54822167e+01,8.60000000e-01,-2.81313354e+01,8.60000000e-01,-2.56353190e+01,8.60000000e-01,-2.49769050e+01,
8.70000000e-01,-9.77839816e-01,8.70000000e-01,-9.82657542e-01,8.70000000e-01,-7.37513427e-02,8.70000000e-01,-2.86670087e+01,8.70000000e-01,-2.60101329e+01,8.70000000e-01,-2.87117688e+01,8.70000000e-01,-2.61682584e+01,8.70000000e-01,-2.53554463e+01,
8.80000000e-01,-9.33356218e-01,8.80000000e-01,-9.38096116e-01,8.80000000e-01,-9.05660528e-02,8.80000000e-01,-2.92207991e+01,8.80000000e-01,-2.65074214e+01,8.80000000e-01,-2.92673340e+01,8.80000000e-01,-2.66701807e+01,8.80000000e-01,-2.57208392e+01,
8.90000000e-01,-8.91113497e-01,8.90000000e-01,-8.95767922e-01,8.90000000e-01,-1.03564748e-01,8.90000000e-01,-2.97521596e+01,8.90000000e-01,-2.69774340e+01,8.90000000e-01,-2.98003868e+01,8.90000000e-01,-2.71444043e+01,8.90000000e-01,-2.60738927e+01,
9.00000000e-01,-8.50832703e-01,9.00000000e-01,-8.55394734e-01,9.00000000e-01,-1.13250178e-01,9.00000000e-01,-3.02630610e+01,9.00000000e-01,-2.74229659e+01,9.00000000e-01,-3.03128853e+01,9.00000000e-01,-2.75936927e+01,9.00000000e-01,-2.64154922e+01,
9.10000000e-01,-8.12295295e-01,9.10000000e-01,-8.16758586e-01,9.10000000e-01,-1.20059833e-01,9.10000000e-01,-3.07550839e+01,9.10000000e-01,-2.78463035e+01,9.10000000e-01,-3.08063968e+01,9.10000000e-01,-2.80203009e+01,9.10000000e-01,-2.67465303e+01,
9.20000000e-01,-7.75329068e-01,9.20000000e-01,-7.79687719e-01,9.20000000e-01,-1.24373030e-01,9.20000000e-01,-3.12294409e+01,9.20000000e-01,-2.82492837e+01,9.20000000e-01,-3.12821197e+01,9.20000000e-01,-2.84260340e+01,9.20000000e-01,-2.70678636e+01,
9.30000000e-01,-7.39797120e-01,9.30000000e-01,-7.44045592e-01,9.30000000e-01,-1.26517902e-01,9.30000000e-01,-3.16870071e+01,9.30000000e-01,-2.86333545e+01,9.30000000e-01,-3.17409137e+01,9.30000000e-01,-2.88123075e+01,9.30000000e-01,-2.73802849e+01,
9.40000000e-01,-7.05589332e-01,9.40000000e-01,-7.09722374e-01,9.40000000e-01,-1.26777877e-01,9.40000000e-01,-3.21283525e+01,9.40000000e-01,-2.89996320e+01,9.40000000e-01,-3.21833321e+01,9.40000000e-01,-2.91802046e+01,9.40000000e-01,-2.76845089e+01,
9.50000000e-01,-6.72615813e-01,9.50000000e-01,-6.76628406e-01,9.50000000e-01,-1.25397460e-01,9.50000000e-01,-3.25537744e+01,9.50000000e-01,-2.93489519e+01,9.50000000e-01,-3.26096546e+01,9.50000000e-01,-2.95305281e+01,9.50000000e-01,-2.79811649e+01,
9.60000000e-01,-6.40801901e-01,9.60000000e-01,-6.44689222e-01,9.60000000e-01,-1.22587307e-01,9.60000000e-01,-3.29633285e+01,9.60000000e-01,-2.96819148e+01,9.60000000e-01,-3.30199183e+01,9.60000000e-01,-2.98638455e+01,9.60000000e-01,-2.82707938e+01,
9.70000000e-01,-6.10084370e-01,9.70000000e-01,-6.13841764e-01,9.70000000e-01,-1.18528641e-01,9.70000000e-01,-3.33568577e+01,9.70000000e-01,-2.99989246e+01,9.70000000e-01,-3.34139468e+01,9.70000000e-01,-3.01805292e+01,9.70000000e-01,-2.85538497e+01,
9.80000000e-01,-5.80408564e-01,9.80000000e-01,-5.84031519e-01,9.80000000e-01,-1.13377068e-01,9.80000000e-01,-3.37340195e+01,9.80000000e-01,-3.03002231e+01,9.80000000e-01,-3.37913782e+01,9.80000000e-01,-3.04807908e+01,9.80000000e-01,-2.88307016e+01,
9.90000000e-01,-5.51726237e-01,9.90000000e-01,-5.55210374e-01,9.90000000e-01,-1.07265884e-01,9.90000000e-01,-3.40943124e+01,9.90000000e-01,-3.05859184e+01,9.90000000e-01,-3.41516915e+01,9.90000000e-01,-3.07647111e+01,9.90000000e-01,-2.91016373e+01,
1.00000000e+00,-5.23993950e-01,1.00000000e+00,-5.27335014e-01,1.00000000e+00,-1.00308929e-01,1.00000000e+00,-3.44371011e+01,1.00000000e+00,-3.08560106e+01,1.00000000e+00,-3.44942328e+01,1.00000000e+00,-3.10322667e+01,1.00000000e+00,-2.93668662e+01,
1.01000000e+00,-4.97171873e-01,1.01000000e+00,-5.00365731e-01,1.01000000e+00,-9.26030592e-02,1.01000000e+00,-3.47616419e+01,1.01000000e+00,-3.11104143e+01,1.01000000e+00,-3.48182406e+01,1.01000000e+00,-3.12833528e+01,1.01000000e+00,-2.96265232e+01,
1.02000000e+00,-4.71222908e-01,1.02000000e+00,-4.74265548e-01,1.02000000e+00,-8.42302874e-02,1.02000000e+00,-3.50671079e+01,1.02000000e+00,-3.13489781e+01,1.02000000e+00,-3.51228727e+01,1.02000000e+00,-3.15178044e+01,1.02000000e+00,-2.98806722e+01,
1.03000000e+00,-4.46112059e-01,1.03000000e+00,-4.48999592e-01,1.03000000e+00,-7.52596481e-02,1.03000000e+00,-3.53526150e+01,1.03000000e+00,-3.15715024e+01,1.03000000e+00,-3.54072321e+01,1.03000000e+00,-3.17354146e+01,1.03000000e+00,-3.01293086e+01,
1.04000000e+00,-4.21805976e-01,1.04000000e+00,-4.24534644e-01,1.04000000e+00,-6.57488147e-02,1.04000000e+00,-3.56172486e+01,1.04000000e+00,-3.17777556e+01,1.04000000e+00,-3.56703945e+01,1.04000000e+00,-3.19359518e+01,1.04000000e+00,-3.03723621e+01,
1.05000000e+00,-3.98272645e-01,1.05000000e+00,-4.00838823e-01,1.05000000e+00,-5.57455075e-02,1.05000000e+00,-3.58600900e+01,1.05000000e+00,-3.19674884e+01,1.05000000e+00,-3.59114358e+01,1.05000000e+00,-3.21191749e+01,1.05000000e+00,-3.06096992e+01,
1.06000000e+00,-3.75481169e-01,1.06000000e+00,-3.77881379e-01,1.06000000e+00,-4.52887186e-02,1.06000000e+00,-3.60802440e+01,1.06000000e+00,-3.21404474e+01,1.06000000e+00,-3.61294600e+01,1.06000000e+00,-3.22848470e+01,1.06000000e+00,-3.08411248e+01,
1.07000000e+00,-3.53401640e-01,1.07000000e+00,-3.55632554e-01,1.07000000e+00,-3.44097782e-02,1.07000000e+00,-3.62768655e+01,1.07000000e+00,-3.22963870e+01,1.07000000e+00,-3.63236266e+01,1.07000000e+00,-3.24327479e+01,1.07000000e+00,-3.10663847e+01,
1.08000000e+00,-3.32005057e-01,1.08000000e+00,-3.34063510e-01,1.08000000e+00,-2.31332819e-02,1.08000000e+00,-3.64491856e+01,1.08000000e+00,-3.24350797e+01,1.08000000e+00,-3.64931766e+01,1.08000000e+00,-3.25626848e+01,1.08000000e+00,-3.12851671e+01,
1.09000000e+00,-3.11263287e-01,1.09000000e+00,-3.13146290e-01,1.09000000e+00,-1.14778964e-02,1.09000000e+00,-3.65965359e+01,1.09000000e+00,-3.25563266e+01,1.09000000e+00,-3.66374577e+01,1.09000000e+00,-3.26745023e+01,1.09000000e+00,-3.14971041e+01,
1.10000000e+00,-2.91149065e-01,1.10000000e+00,-2.92853811e-01,1.10000000e+00,5.42941577e-04,1.10000000e+00,-3.67183702e+01,1.10000000e+00,-3.26599647e+01,1.10000000e+00,-3.67559452e+01,1.10000000e+00,-3.27680897e+01,1.10000000e+00,-3.17017743e+01,
1.11000000e+00,-2.71636003e-01,1.11000000e+00,-2.73159879e-01,1.11000000e+00,1.29204209e-02,1.11000000e+00,-3.68142833e+01,1.11000000e+00,-3.27458743e+01,1.11000000e+00,-3.68482610e+01,1.11000000e+00,-3.28433876e+01,1.11000000e+00,-3.18987046e+01,
1.12000000e+00,-2.52698625e-01,1.12000000e+00,-2.54039223e-01,1.12000000e+00,2.56498333e-02,1.12000000e+00,-3.68840252e+01,1.12000000e+00,-3.28139844e+01,1.12000000e+00,-3.69141872e+01,1.12000000e+00,-3.29003927e+01,1.12000000e+00,-3.20873726e+01,
1.13000000e+00,-2.34312413e-01,1.13000000e+00,-2.35467537e-01,1.13000000e+00,3.87301233e-02,1.13000000e+00,-3.69275109e+01,1.13000000e+00,-3.28642766e+01,1.13000000e+00,-3.69536750e+01,1.13000000e+00,-3.29391604e+01,1.13000000e+00,-3.22672101e+01,
1.14000000e+00,-2.16453853e-01,1.14000000e+00,-2.17421533e-01,1.14000000e+00,5.21635019e-02,1.14000000e+00,-3.69448255e+01,1.14000000e+00,-3.28967876e+01,1.14000000e+00,-3.69668491e+01,1.14000000e+00,-3.29598066e+01,1.14000000e+00,-3.24376062e+01,
1.15000000e+00,-1.99100505e-01,1.15000000e+00,-1.99879002e-01,1.15000000e+00,6.59551159e-02,1.15000000e+00,-3.69362233e+01,1.15000000e+00,-3.29116104e+01,1.15000000e+00,-3.69540055e+01,1.15000000e+00,-3.29625068e+01,1.15000000e+00,-3.25979117e+01,
1.16000000e+00,-1.82231069e-01,1.16000000e+00,-1.82818881e-01,1.16000000e+00,8.01127652e-02,1.16000000e+00,-3.69021226e+01,1.16000000e+00,-3.29088939e+01,1.16000000e+00,-3.69156053e+01,1.16000000e+00,-3.29474947e+01,1.16000000e+00,-3.27474444e+01,
1.17000000e+00,-1.65825465e-01,1.17000000e+00,-1.66221337e-01,1.17000000e+00,9.46466626e-02,1.17000000e+00,-3.68430953e+01,1.17000000e+00,-3.28888408e+01,1.17000000e+00,-3.68522631e+01,1.17000000e+00,-3.29150590e+01,1.17000000e+00,-3.28854945e+01,
1.18000000e+00,-1.49864921e-01,1.18000000e+00,-1.50067848e-01,1.18000000e+00,1.09569229e-01,1.18000000e+00,-3.67598522e+01,1.18000000e+00,-3.28517046e+01,1.18000000e+00,-3.67647313e+01,1.18000000e+00,-3.28655383e+01,1.18000000e+00,-3.30113316e+01,
1.19000000e+00,-1.34332074e-01,1.19000000e+00,-1.34341307e-01,1.19000000e+00,1.24894921e-01,1.19000000e+00,-3.66532257e+01,1.19000000e+00,-3.27977857e+01,1.19000000e+00,-3.66538817e+01,1.19000000e+00,-3.27993161e+01,1.19000000e+00,-3.31242121e+01,
1.20000000e+00,-1.19211088e-01,1.20000000e+00,-1.19026136e-01,1.20000000e+00,1.40640080e-01,1.20000000e+00,-3.65241492e+01,1.20000000e+00,-3.27274257e+01,1.20000000e+00,-3.65206840e+01,1.20000000e+00,-3.27168139e+01,1.20000000e+00,-3.32233878e+01,
1.21000000e+00,-1.04487784e-01,1.21000000e+00,-1.04108416e-01,1.21000000e+00,1.56822809e-01,1.21000000e+00,-3.63736354e+01,1.21000000e+00,-3.26410017e+01,1.21000000e+00,-3.63661838e+01,1.21000000e+00,-3.26184842e+01,1.21000000e+00,-3.33081149e+01,
1.22000000e+00,-9.01497950e-02,1.22000000e+00,-8.95760410e-02,1.22000000e+00,1.73462863e-01,1.22000000e+00,-3.62027542e+01,1.22000000e+00,-3.25389193e+01,1.22000000e+00,-3.61914792e+01,1.22000000e+00,-3.25048028e+01,1.22000000e+00,-3.33776638e+01,
1.23000000e+00,-7.61867490e-02,1.23000000e+00,-7.54189003e-02,1.23000000e+00,1.90581548e-01,1.23000000e+00,-3.60126097e+01,1.23000000e+00,-3.24216056e+01,1.23000000e+00,-3.59976988e+01,1.23000000e+00,-3.23762607e+01,1.23000000e+00,-3.34313293e+01,
1.24000000e+00,-6.25904780e-02,1.24000000e+00,-6.16290846e-02,1.24000000e+00,2.08201637e-01,1.24000000e+00,-3.58043200e+01,1.24000000e+00,-3.22895015e+01,1.24000000e+00,-3.57859802e+01,1.24000000e+00,-3.22333564e+01,1.24000000e+00,-3.34684415e+01,
1.25000000e+00,-4.93552658e-02,1.25000000e+00,-4.82011353e-02,1.25000000e+00,2.26347287e-01,1.25000000e+00,-3.55789961e+01,1.25000000e+00,-3.21430541e+01,1.25000000e+00,-3.55574498e+01,1.25000000e+00,-3.20765872e+01,1.25000000e+00,-3.34883756e+01,
1.26000000e+00,-3.64781383e-02,1.26000000e+00,-3.51323318e-02,1.26000000e+00,2.45043961e-01,1.26000000e+00,-3.53377249e+01,1.26000000e+00,-3.19827091e+01,1.26000000e+00,-3.53132054e+01,1.26000000e+00,-3.19064420e+01,1.26000000e+00,-3.34905625e+01,
1.27000000e+00,-2.39592038e-02,1.27000000e+00,-2.24230324e-02,1.27000000e+00,2.64318342e-01,1.27000000e+00,-3.50815523e+01,1.27000000e+00,-3.18089028e+01,1.27000000e+00,-3.50543001e+01,1.27000000e+00,-3.17233931e+01,1.27000000e+00,-3.34744980e+01,
1.28000000e+00,-1.18020516e-02,1.28000000e+00,-1.00770725e-02,1.28000000e+00,2.84198255e-01,1.28000000e+00,-3.48114701e+01,1.28000000e+00,-3.16220547e+01,1.28000000e+00,-3.47817292e+01,1.28000000e+00,-3.15278892e+01,1.28000000e+00,-3.34397517e+01,
1.29000000e+00,-1.42189492e-05,1.29000000e+00,1.89776904e-03,1.29000000e+00,3.04712569e-01,1.29000000e+00,-3.45284033e+01,1.29000000e+00,-3.14225600e+01,1.29000000e+00,-3.44964184e+01,1.29000000e+00,-3.13203478e+01,1.29000000e+00,-3.33859738e+01,
1.30000000e+00,1.13922629e-02,1.30000000e+00,1.34892230e-02,1.30000000e+00,3.25891101e-01,1.30000000e+00,-3.42332012e+01,1.30000000e+00,-3.12107825e+01,1.30000000e+00,-3.41992146e+01,1.30000000e+00,-3.11011484e+01,1.30000000e+00,-3.33129010e+01,
1.31000000e+00,2.24002305e-02,1.31000000e+00,2.46798920e-02,1.31000000e+00,3.47764498e-01,1.31000000e+00,-3.39266285e+01,1.31000000e+00,-3.09870470e+01,1.31000000e+00,-3.38908781e+01,1.31000000e+00,-3.08706263e+01,1.31000000e+00,-3.32203601e+01,
1.32000000e+00,3.29866438e-02,1.32000000e+00,3.54465042e-02,1.32000000e+00,3.70364117e-01,1.32000000e+00,-3.36093588e+01,1.32000000e+00,-3.07516325e+01,1.32000000e+00,-3.35720763e+01,1.32000000e+00,-3.06290651e+01,1.32000000e+00,-3.31082705e+01,
1.33000000e+00,4.31217165e-02,1.33000000e+00,4.57590421e-02,1.33000000e+00,3.93721880e-01,1.33000000e+00,-3.32819690e+01,1.33000000e+00,-3.05047649e+01,1.33000000e+00,-3.32433784e+01,1.33000000e+00,-3.03766907e+01,1.33000000e+00,-3.29766432e+01,
1.34000000e+00,5.27679025e-02,1.34000000e+00,5.55797282e-02,1.34000000e+00,4.17870119e-01,1.34000000e+00,-3.29449344e+01,1.34000000e+00,-3.02466094e+01,1.34000000e+00,-3.29052510e+01,1.34000000e+00,-3.01136642e+01,1.34000000e+00,-3.28255793e+01,
1.35000000e+00,6.18787126e-02,1.35000000e+00,6.48618370e-02,1.35000000e+00,4.42841408e-01,1.35000000e+00,-3.25986243e+01,1.35000000e+00,-2.99772626e+01,1.35000000e+00,-3.25580538e+01,1.35000000e+00,-2.98400743e+01,1.35000000e+00,-3.26552653e+01,
1.36000000e+00,7.03973320e-02,1.36000000e+00,7.35483104e-02,1.36000000e+00,4.68668376e-01,1.36000000e+00,-3.22432972e+01,1.36000000e+00,-2.96967439e+01,1.36000000e+00,-3.22020354e+01,1.36000000e+00,-2.95559299e+01,1.36000000e+00,-3.24659671e+01,
1.37000000e+00,7.82550041e-02,1.37000000e+00,8.15701365e-02,1.37000000e+00,4.95383517e-01,1.37000000e+00,-3.18790963e+01,1.37000000e+00,-2.94049864e+01,1.37000000e+00,-3.18373287e+01,1.37000000e+00,-2.92611505e+01,1.37000000e+00,-3.22580225e+01,
1.38000000e+00,8.53691344e-02,1.38000000e+00,8.88444486e-02,1.38000000e+00,5.23018989e-01,1.38000000e+00,-3.15060438e+01,1.38000000e+00,-2.91018253e+01,1.38000000e+00,-3.14639458e+01,1.38000000e+00,-2.89555561e+01,1.38000000e+00,-3.20318322e+01,
1.39000000e+00,9.16410606e-02,1.39000000e+00,9.52722878e-02,1.39000000e+00,5.51606410e-01,1.39000000e+00,-3.11240341e+01,1.39000000e+00,-2.87869858e+01,1.39000000e+00,-3.10817707e+01,1.39000000e+00,-2.86388551e+01,1.39000000e+00,-3.17878503e+01,
1.40000000e+00,9.69534160e-02,1.40000000e+00,1.00735957e-01,1.40000000e+00,5.81176661e-01,1.40000000e+00,-3.07328253e+01,1.40000000e+00,-2.84600685e+01,1.40000000e+00,-3.06905518e+01,1.40000000e+00,-2.83106298e+01,1.40000000e+00,-3.15265736e+01,
1.41000000e+00,1.01167001e-01,1.41000000e+00,1.05095889e-01,1.41000000e+00,6.11759700e-01,1.41000000e+00,-3.03320291e+01,1.41000000e+00,-2.81205309e+01,1.41000000e+00,-3.02898911e+01,1.41000000e+00,-2.79703193e+01,1.41000000e+00,-3.12485323e+01,
1.42000000e+00,1.04117050e-01,1.42000000e+00,1.08186890e-01,1.42000000e+00,6.43384386e-01,1.42000000e+00,-2.99210975e+01,1.42000000e+00,-2.77676670e+01,1.42000000e+00,-2.98792315e+01,1.42000000e+00,-2.76171980e+01,1.42000000e+00,-3.09542811e+01,
1.43000000e+00,1.05608723e-01,1.43000000e+00,1.09813632e-01,1.43000000e+00,6.76078295e-01,1.43000000e+00,-2.94993072e+01,1.43000000e+00,-2.74005810e+01,1.43000000e+00,-2.94578408e+01,1.43000000e+00,-2.72503505e+01,1.43000000e+00,-3.06443918e+01,
1.44000000e+00,1.05411650e-01,1.44000000e+00,1.09745163e-01,1.44000000e+00,7.09867515e-01,1.44000000e+00,-2.90657397e+01,1.44000000e+00,-2.70181561e+01,1.44000000e+00,-2.90247922e+01,1.44000000e+00,-2.68686403e+01,1.44000000e+00,-3.03194505e+01,
1.45000000e+00,1.03253233e-01,1.45000000e+00,1.07708199e-01,1.45000000e+00,7.44776329e-01,1.45000000e+00,-2.86192581e+01,1.45000000e+00,-2.66190168e+01,1.45000000e+00,-2.85789408e+01,1.45000000e+00,-2.64706716e+01,1.45000000e+00,-2.99800587e+01,
1.46000000e+00,9.88103734e-02,1.46000000e+00,1.03378819e-01,1.46000000e+00,7.80826634e-01,1.46000000e+00,-2.81584791e+01,1.46000000e+00,-2.62014833e+01,1.46000000e+00,-2.81188959e+01,1.46000000e+00,-2.60547441e+01,1.46000000e+00,-2.96268435e+01,
1.47000000e+00,9.16991442e-02,1.47000000e+00,9.63721046e-02,1.47000000e+00,8.18036797e-01,1.47000000e+00,-2.76817418e+01,1.47000000e+00,-2.57635168e+01,1.47000000e+00,-2.76429890e+01,1.47000000e+00,-2.56187976e+01,1.47000000e+00,-2.92604810e+01,
1.48000000e+00,8.14617940e-02,1.48000000e+00,8.62290979e-02,1.48000000e+00,8.56419357e-01,1.48000000e+00,-2.71870715e+01,1.48000000e+00,-2.53026558e+01,1.48000000e+00,-2.71492383e+01,1.48000000e+00,-2.51603480e+01,1.48000000e+00,-2.88817380e+01,
1.49000000e+00,6.75502886e-02,1.49000000e+00,7.24002875e-02,1.49000000e+00,8.95976524e-01,1.49000000e+00,-2.66721436e+01,1.49000000e+00,-2.48159428e+01,1.49000000e+00,-2.66353120e+01,1.49000000e+00,-2.46764130e+01,1.49000000e+00,-2.84915455e+01,
1.50000000e+00,4.93054052e-02,1.50000000e+00,5.42246301e-02,1.50000000e+00,9.36691598e-01,1.50000000e+00,-2.61342491e+01,1.50000000e+00,-2.42998456e+01,1.50000000e+00,-2.60984934e+01,1.50000000e+00,-2.41634319e+01,1.50000000e+00,-2.80911168e+01,
1.51000000e+00,2.59302382e-02,1.51000000e+00,3.09029631e-02,1.51000000e+00,9.78513072e-01,1.51000000e+00,-2.55702710e+01,1.51000000e+00,-2.37501790e+01,1.51000000e+00,-2.55356574e+01,1.51000000e+00,-2.36171859e+01,1.51000000e+00,-2.76821344e+01,
1.52000000e+00,-3.54303276e-03,1.52000000e+00,1.46465789e-03,1.52000000e+00,1.02132608e+00,1.52000000e+00,-2.49766844e+01,1.52000000e+00,-2.31620436e+01,1.52000000e+00,-2.49432699e+01,1.52000000e+00,-2.30327356e+01,1.52000000e+00,-2.72670376e+01,
1.53000000e+00,-4.03236106e-02,1.53000000e+00,-3.53041350e-02,1.53000000e+00,1.06487280e+00,1.53000000e+00,-2.43496150e+01,1.53000000e+00,-2.25298241e+01,1.53000000e+00,-2.43174468e+01,1.53000000e+00,-2.24044180e+01,1.53000000e+00,-2.68495083e+01,
1.54000000e+00,-8.59649593e-02,1.54000000e+00,-8.09606411e-02,1.54000000e+00,1.10862484e+00,1.54000000e+00,-2.36850041e+01,1.54000000e+00,-2.18473175e+01,1.54000000e+00,-2.36541174e+01,1.54000000e+00,-2.17259697e+01,1.54000000e+00,-2.64351504e+01,
1.55000000e+00,-1.42176641e-01,1.55000000e+00,-1.37217684e-01,1.55000000e+00,1.15187941e+00,1.55000000e+00,-2.29787492e+01,1.55000000e+00,-2.11078635e+01,1.55000000e+00,-2.29491656e+01,1.55000000e+00,-2.09906593e+01,1.55000000e+00,-2.60318073e+01,
1.56000000e+00,-2.10922311e-01,1.56000000e+00,-2.06045643e-01,1.56000000e+00,1.19351918e+00,1.56000000e+00,-2.22271797e+01,1.56000000e+00,-2.03049409e+01,1.56000000e+00,-2.21989076e+01,1.56000000e+00,-2.01918938e+01,1.56000000e+00,-2.56510382e+01,
1.57000000e+00,-2.94665481e-01,1.57000000e+00,-2.89915692e-01,1.57000000e+00,1.23159341e+00,1.57000000e+00,-2.14278796e+01,1.57000000e+00,-1.94333137e+01,1.57000000e+00,-2.14009142e+01,1.57000000e+00,-1.93243706e+01,1.57000000e+00,-2.53095996e+01,
1.58000000e+00,-3.96220425e-01,1.58000000e+00,-3.91648845e-01,1.58000000e+00,1.26324030e+00,1.58000000e+00,-2.05806509e+01,1.58000000e+00,-1.84905548e+01,1.58000000e+00,-2.05549764e+01,1.58000000e+00,-1.83856170e+01,1.58000000e+00,-2.50300263e+01,
1.59000000e+00,-5.18591783e-01,1.59000000e+00,-5.14254894e-01,1.59000000e+00,1.28468136e+00,1.59000000e+00,-1.96887191e+01,1.59000000e+00,-1.74790623e+01,1.59000000e+00,-1.96643135e+01,1.59000000e+00,-1.73780288e+01,1.59000000e+00,-2.48412286e+01,
1.60000000e+00,-6.64675005e-01,1.60000000e+00,-6.60630619e-01,1.60000000e+00,1.29150986e+00,1.60000000e+00,-1.87598752e+01,1.60000000e+00,-1.64080420e+01,1.60000000e+00,-1.87367165e+01,1.60000000e+00,-1.63108650e+01,1.60000000e+00,-2.47781300e+01,
1.61000000e+00,-8.36791158e-01,1.61000000e+00,-8.33092109e-01,1.61000000e+00,1.27928787e+00,1.61000000e+00,-1.78070437e+01,1.61000000e+00,-1.52944773e+01,1.61000000e+00,-1.77851157e+01,1.61000000e+00,-1.52012049e+01,1.61000000e+00,-2.48807313e+01,
1.62000000e+00,-1.03612819e+00,1.62000000e+00,-1.03281447e+00,1.62000000e+00,1.24419608e+00,1.62000000e+00,-1.68477016e+01,1.62000000e+00,-1.41620118e+01,1.62000000e+00,-1.68269947e+01,1.62000000e+00,-1.40727863e+01,1.62000000e+00,-2.51943247e+01,
1.63000000e+00,-1.26226517e+00,1.63000000e+00,-1.25935688e+00,1.63000000e+00,1.18337234e+00,1.63000000e+00,-1.59018748e+01,1.63000000e+00,-1.30374305e+01,1.63000000e+00,-1.58823812e+01,1.63000000e+00,-1.29524306e+01,1.63000000e+00,-2.57743960e+01,
1.64000000e+00,-1.51299763e+00,1.64000000e+00,-1.51049155e+00,1.64000000e+00,1.09483848e+00,1.64000000e+00,-1.49891166e+01,1.64000000e+00,-1.19458400e+01,1.64000000e+00,-1.49708203e+01,1.64000000e+00,-1.18651939e+01,1.64000000e+00,-2.67017831e+01,
1.65000000e+00,-1.78458504e+00,1.65000000e+00,-1.78245635e+00,1.65000000e+00,9.77297149e-01,1.65000000e+00,-1.41255014e+01,1.65000000e+00,-1.09065705e+01,1.65000000e+00,-1.41083680e+01,1.65000000e+00,-1.08302860e+01,1.65000000e+00,-2.81189464e+01,
1.66000000e+00,-2.07234082e+00,1.66000000e+00,-2.07054899e+00,1.66000000e+00,8.30120009e-01,1.66000000e+00,-1.33217125e+01,1.66000000e+00,-9.93132343e+00,1.66000000e+00,-1.33056852e+01,1.66000000e+00,-9.85926882e+00,1.66000000e+00,-3.03234921e+01,
1.67000000e+00,-2.37132935e+00,1.67000000e+00,-2.36982566e+00,1.67000000e+00,6.53547182e-01,1.67000000e+00,-1.25826921e+01,1.67000000e+00,-9.02465890e+00,1.67000000e+00,-1.25676935e+01,1.67000000e+00,-8.95658858e+00,1.67000000e+00,-3.41012266e+01,
1.68000000e+00,-2.67693589e+00,1.68000000e+00,-2.67566995e+00,1.68000000e+00,4.48882623e-01,1.68000000e+00,-1.19085552e+01,1.68000000e+00,-8.18583296e+00,1.68000000e+00,-1.18944943e+01,1.68000000e+00,-8.12143371e+00,1.68000000e+00,-4.31688810e+01,
1.69000000e+00,-2.98519906e+00,1.69000000e+00,-2.98412332e+00,1.69000000e+00,2.18499823e-01,1.69000000e+00,-1.12960856e+01,1.69000000e+00,-7.41087103e+00,1.69000000e+00,-1.12828664e+01,1.69000000e+00,-7.34980601e+00,1.69000000e+00,-4.20196178e+01,
1.70000000e+00,-3.29292511e+00,1.70000000e+00,-3.29199735e+00,1.70000000e+00,-3.43684309e-02,1.70000000e+00,-1.07402086e+01,1.70000000e+00,-6.69422871e+00,1.70000000e+00,-1.07277368e+01,1.70000000e+00,-6.63616821e+00,1.70000000e+00,-3.20791444e+01,
1.71000000e+00,-3.59766291e+00,1.71000000e+00,-3.59684728e+00,1.71000000e+00,-3.05969237e-01,1.71000000e+00,-1.02351255e+01,1.71000000e+00,-6.02987624e+00,1.71000000e+00,-1.02233133e+01,1.71000000e+00,-5.97451466e+00,1.71000000e+00,-2.71494395e+01,
1.72000000e+00,-3.89761583e+00,1.72000000e+00,-3.89688319e+00,1.72000000e+00,-5.92388824e-01,1.72000000e+00,-9.77504930e+00,1.72000000e+00,-5.41190035e+00,1.72000000e+00,-9.76381797e+00,1.72000000e+00,-5.35896295e+00,1.72000000e+00,-2.37583019e+01,
1.73000000e+00,-4.19153814e+00,1.73000000e+00,-4.19086585e+00,1.73000000e+00,-8.89855025e-01,1.73000000e+00,-9.35461347e+00,1.73000000e+00,-4.83478067e+00,1.73000000e+00,-9.34389417e+00,1.73000000e+00,-4.78402400e+00,1.73000000e+00,-2.11431242e+01,
1.74000000e+00,-4.47863674e+00,1.74000000e+00,-4.47800828e+00,1.74000000e+00,-1.19494904e+00,1.74000000e+00,-8.96905571e+00,1.74000000e+00,-4.29347137e+00,1.74000000e+00,-8.95878930e+00,1.74000000e+00,-4.24468005e+00,1.74000000e+00,-1.90056732e+01,
1.75000000e+00,-4.75848386e+00,1.75000000e+00,-4.75788823e+00,1.75000000e+00,-1.50472455e+00,1.75000000e+00,-8.61426575e+00,1.75000000e+00,-3.78337381e+00,1.75000000e+00,-8.60440208e+00,1.75000000e+00,-3.73635537e+00,1.75000000e+00,-1.71968490e+01,
1.76000000e+00,-5.03093990e+00,1.76000000e+00,-5.03037080e+00,1.76000000e+00,-1.81674964e+00,1.76000000e+00,-8.28675924e+00,1.76000000e+00,-3.30025032e+00,1.76000000e+00,-8.27725617e+00,1.76000000e+00,-3.25482879e+00,1.76000000e+00,-1.56305551e+01,
1.77000000e+00,-5.29608453e+00,1.77000000e+00,-5.29553953e+00,1.77000000e+00,-2.12909266e+00,1.77000000e+00,-7.98361675e+00,1.77000000e+00,-2.84010901e+00,1.77000000e+00,-7.97443906e+00,1.77000000e+00,-2.79611804e+00,1.77000000e+00,-1.42520814e+01,
1.78000000e+00,-5.55415542e+00,1.78000000e+00,-5.55363498e+00,1.78000000e+00,-2.44027296e+00,1.78000000e+00,-7.70241073e+00,1.78000000e+00,-2.39908601e+00,1.78000000e+00,-7.69352913e+00,1.78000000e+00,-2.35636261e+00,1.78000000e+00,-1.30242264e+01,
1.79000000e+00,-5.80549463e+00,1.79000000e+00,-5.80500121e+00,1.79000000e+00,-2.74919377e+00,1.79000000e+00,-7.44113316e+00,1.79000000e+00,-1.97336342e+00,1.79000000e+00,-7.43252337e+00,1.79000000e+00,-1.93174508e+00,1.79000000e+00,-1.19204025e+01,
1.80000000e+00,-6.05050364e+00,1.80000000e+00,-6.05004086e+00,1.80000000e+00,-3.05507005e+00,1.80000000e+00,-7.19813040e+00,1.80000000e+00,-1.55919096e+00,1.80000000e+00,-7.18977240e+00,1.80000000e+00,-1.51852122e+00,1.80000000e+00,-1.09208802e+01,
1.81000000e+00,-6.28960757e+00,1.81000000e+00,-6.28917955e+00,1.81000000e+00,-3.35736006e+00,1.81000000e+00,-6.97204815e+00,1.81000000e+00,-1.15311493e+00,1.81000000e+00,-6.96392554e+00,1.81000000e+00,-1.11326477e+00,1.81000000e+00,-1.00105859e+01,
1.82000000e+00,-6.52322877e+00,1.82000000e+00,-6.52283958e+00,1.82000000e+00,-3.65570563e+00,1.82000000e+00,-6.76178716e+00,1.82000000e+00,-7.52523133e-01,1.82000000e+00,-6.75388669e+00,1.82000000e+00,-7.13434343e-01,1.82000000e+00,-9.17773630e+00,
1.83000000e+00,-6.75176898e+00,1.83000000e+00,-6.75142233e+00,1.83000000e+00,-3.94988324e+00,1.83000000e+00,-6.56646921e+00,1.83000000e+00,-3.56518051e-01,1.83000000e+00,-6.55878047e+00,1.83000000e+00,-3.18265523e-01,1.83000000e+00,-8.41294920e+00,
1.84000000e+00,-6.97559890e+00,1.84000000e+00,-6.97529793e+00,1.84000000e+00,-4.23976601e+00,1.84000000e+00,-6.38541220e+00,1.84000000e+00,3.30947780e-02,1.84000000e+00,-6.37792738e+00,1.84000000e+00,7.02415107e-02,1.84000000e+00,-7.70864457e+00,
1.85000000e+00,-7.19505348e+00,1.85000000e+00,-7.19480066e+00,1.85000000e+00,-4.52529536e+00,1.85000000e+00,-6.21811255e+00,1.85000000e+00,4.11135670e-01,1.85000000e+00,-6.21082635e+00,1.85000000e+00,4.46680866e-01,1.85000000e+00,-7.05862885e+00,
1.86000000e+00,-7.41043124e+00,1.86000000e+00,-7.41022840e+00,1.86000000e+00,-4.80646058e+00,1.86000000e+00,-6.06423354e+00,1.86000000e+00,7.69079677e-01,1.86000000e+00,-6.05714315e+00,1.86000000e+00,8.02317686e-01,1.86000000e+00,-6.45780058e+00,
1.87000000e+00,-7.62199616e+00,1.87000000e+00,-7.62184449e+00,1.87000000e+00,-5.08328450e+00,1.87000000e+00,-5.92359759e+00,1.87000000e+00,1.09581672e+00,1.87000000e+00,-5.91670269e+00,1.87000000e+00,1.12589085e+00,1.87000000e+00,-5.90193897e+00,
1.88000000e+00,-7.82998086e+00,1.88000000e+00,-7.82988103e+00,1.88000000e+00,-5.35581346e+00,1.88000000e+00,-5.79618086e+00,1.88000000e+00,1.37888705e+00,1.88000000e+00,-5.78948370e+00,1.88000000e+00,1.40487757e+00,1.88000000e+00,-5.38755084e+00,
1.89000000e+00,-8.03459032e+00,1.89000000e+00,-8.03454253e+00,1.89000000e+00,-5.62411028e+00,1.89000000e+00,-5.68210806e+00,1.89000000e+00,1.60600640e+00,1.89000000e+00,-5.67561349e+00,1.89000000e+00,1.62704523e+00,1.89000000e+00,-4.91176007e+00,
1.90000000e+00,-8.23600558e+00,1.90000000e+00,-8.23600964e+00,1.90000000e+00,-5.88824929e+00,1.90000000e+00,-5.58164519e+00,1.90000000e+00,1.76688727e+00,1.90000000e+00,-5.57536070e+00,1.90000000e+00,1.78229992e+00,1.90000000e+00,-4.47222837e+00,
1.91000000e+00,-8.43438707e+00,1.91000000e+00,-8.43444251e+00,1.91000000e+00,-6.14831273e+00,1.91000000e+00,-5.49518736e+00,1.91000000e+00,1.85522834e+00,1.91000000e+00,-5.48912295e+00,1.91000000e+00,1.86467727e+00,1.91000000e+00,-4.06710000e+00,
1.92000000e+00,-8.62987766e+00,1.92000000e+00,-8.62998374e+00,1.92000000e+00,-6.40438803e+00,1.92000000e+00,-5.42323828e+00,1.92000000e+00,1.87026684e+00,1.92000000e+00,-5.41740625e+00,1.92000000e+00,1.87383607e+00,1.92000000e+00,-3.69496460e+00,
1.93000000e+00,-8.82260513e+00,1.93000000e+00,-8.82276093e+00,1.93000000e+00,-6.65656581e+00,1.93000000e+00,-5.36637776e+00,1.93000000e+00,1.81703569e+00,1.93000000e+00,-5.36079217e+00,1.93000000e+00,1.81520180e+00,1.93000000e+00,-3.35483324e+00,
1.94000000e+00,-9.01268441e+00,1.94000000e+00,-9.01288884e+00,1.94000000e+00,-6.90493830e+00,1.94000000e+00,-5.32521388e+00,1.94000000e+00,1.70497678e+00,1.94000000e+00,-5.31988979e+00,1.94000000e+00,1.69847247e+00,1.94000000e+00,-3.04612284e+00,
1.95000000e+00,-9.20021934e+00,1.95000000e+00,-9.20047123e+00,1.95000000e+00,-7.14959821e+00,1.95000000e+00,-5.30031794e+00,1.95000000e+00,1.54553886e+00,1.95000000e+00,-5.29527024e+00,1.95000000e+00,1.53517897e+00,1.95000000e+00,-2.76864276e+00,
1.96000000e+00,-9.38530431e+00,1.96000000e+00,-9.38560239e+00,1.96000000e+00,-7.39063785e+00,1.96000000e+00,-5.29214350e+00,1.96000000e+00,1.34990142e+00,1.96000000e+00,-5.28738540e+00,1.96000000e+00,1.33644764e+00,1.96000000e+00,-2.52257504e+00,
1.97000000e+00,-9.56802554e+00,1.97000000e+00,-9.56836848e+00,1.97000000e+00,-7.62814854e+00,1.97000000e+00,-5.30093575e+00,1.97000000e+00,1.12760104e+00,1.97000000e+00,-5.29647714e+00,1.97000000e+00,1.11169594e+00,1.97000000e+00,-2.30843686e+00,
1.98000000e+00,-9.74846224e+00,1.98000000e+00,-9.74884870e+00,1.98000000e+00,-7.86222016e+00,1.98000000e+00,-5.32664335e+00,1.98000000e+00,8.86119181e-01,1.98000000e+00,-5.32248909e+00,1.98000000e+00,8.68276385e-01,1.98000000e+00,-2.12700983e+00,
1.99000000e+00,-9.92668760e+00,1.99000000e+00,-9.92711622e+00,1.99000000e+00,-8.09294083e+00,1.99000000e+00,-5.36884961e+00,1.99000000e+00,6.31067254e-01,1.99000000e+00,-5.36499822e+00,1.99000000e+00,6.11689585e-01,1.99000000e+00,-1.97921915e+00,
2.00000000e+00,-1.01027696e+01,2.00000000e+00,-1.01032390e+01,2.00000000e+00,-8.32039679e+00,2.00000000e+00,-5.42674066e+00,2.00000000e+00,3.66587951e-01,2.00000000e+00,-5.42318369e+00,2.00000000e+00,3.45992544e-01,2.00000000e+00,-1.86594911e+00,
2.01000000e+00,-1.02767717e+01,2.01000000e+00,-1.02772806e+01,2.01000000e+00,-8.54467225e+00,2.01000000e+00,-5.49912315e+00,2.01000000e+00,9.57506584e-02,2.01000000e+00,-5.49584540e+00,2.01000000e+00,7.41911279e-02,2.01000000e+00,-1.78779415e+00,
2.02000000e+00,-1.04487535e+01,2.02000000e+00,-1.04493005e+01,2.02000000e+00,-8.76584936e+00,2.02000000e+00,-5.58449288e+00,2.02000000e+00,-1.79137801e-01,2.02000000e+00,-5.58147355e+00,2.02000000e+00,-2.01453666e-01,2.02000000e+00,-1.74477041e+00,
2.03000000e+00,-1.06187712e+01,2.03000000e+00,-1.06193551e+01,2.03000000e+00,-8.98400816e+00,2.03000000e+00,-5.68114262e+00,2.03000000e+00,-4.56294550e-01,2.03000000e+00,-5.67835714e+00,2.03000000e+00,-4.79193087e-01,2.03000000e+00,-1.73604510e+00,
2.04000000e+00,-1.07868782e+01,2.04000000e+00,-1.07874977e+01,2.04000000e+00,-9.19922664e+00,2.04000000e+00,-5.78728765e+00,2.04000000e+00,-7.34349339e-01,2.04000000e+00,-5.78470970e+00,2.04000000e+00,-7.57688339e-01,2.04000000e+00,-1.75976547e+00,
2.05000000e+00,-1.09531249e+01,2.05000000e+00,-1.09537788e+01,2.05000000e+00,-9.41158070e+00,2.05000000e+00,-5.90118476e+00,2.05000000e+00,-1.01226189e+00,2.05000000e+00,-5.89878827e+00,2.05000000e+00,-1.03592229e+00,2.05000000e+00,-1.81306214e+00,
2.06000000e+00,-1.11175599e+01,2.06000000e+00,-1.11182470e+01,2.06000000e+00,-9.62114422e+00,2.06000000e+00,-6.02122614e+00,2.06000000e+00,-1.28920796e+00,2.06000000e+00,-6.01898677e+00,2.06000000e+00,-1.31308576e+00,2.06000000e+00,-1.89225287e+00,
2.07000000e+00,-1.12802293e+01,2.07000000e+00,-1.12809485e+01,2.07000000e+00,-9.82798908e+00,2.07000000e+00,-6.14599875e+00,2.07000000e+00,-1.56454022e+00,2.07000000e+00,-6.14389488e+00,2.07000000e+00,-1.58854697e+00,2.07000000e+00,-1.99319989e+00,
2.08000000e+00,-1.14411775e+01,2.08000000e+00,-1.14419279e+01,2.08000000e+00,-1.00321852e+01,2.08000000e+00,-6.27430985e+00,2.08000000e+00,-1.83776756e+00,2.08000000e+00,-6.27232301e+00,2.08000000e+00,-1.86182837e+00,2.08000000e+00,-2.11171754e+00,
2.09000000e+00,-1.16004473e+01,2.09000000e+00,-1.16012277e+01,2.09000000e+00,-1.02338005e+01,2.09000000e+00,-6.40518546e+00,2.09000000e+00,-2.10853121e+00,2.09000000e+00,-6.40330036e+00,2.09000000e+00,-2.13258319e+00,2.09000000e+00,-2.24392114e+00,
2.10000000e+00,-1.17580799e+01,2.10000000e+00,-1.17588893e+01,2.10000000e+00,-1.04329010e+01,2.10000000e+00,-6.53785122e+00,2.10000000e+00,-2.37658501e+00,2.10000000e+00,-6.53605546e+00,2.10000000e+00,-2.40057591e+00,2.10000000e+00,-2.38644921e+00,
2.11000000e+00,-1.19141148e+01,2.11000000e+00,-1.19149524e+01,2.11000000e+00,-1.06295510e+01,2.11000000e+00,-6.67170421e+00,2.11000000e+00,-2.64177736e+00,2.11000000e+00,-6.66998792e+00,2.11000000e+00,-2.66566426e+00,2.11000000e+00,-2.53654883e+00,
2.12000000e+00,-1.20685905e+01,2.12000000e+00,-1.20694553e+01,2.12000000e+00,-1.08238128e+01,2.12000000e+00,-6.80628248e+00,2.12000000e+00,-2.90403360e+00,2.12000000e+00,-6.80463783e+00,2.12000000e+00,-2.92778167e+00,2.12000000e+00,-2.69205529e+00,
2.13000000e+00,-1.22215441e+01,2.13000000e+00,-1.22224353e+01,2.13000000e+00,-1.10157469e+01,2.13000000e+00,-6.94123613e+00,2.13000000e+00,-3.16333832e+00,2.13000000e+00,-6.93965700e+00,2.13000000e+00,-3.18691957e+00,2.13000000e+00,-2.85131137e+00,
2.14000000e+00,-1.23730115e+01,2.14000000e+00,-1.23739283e+01,2.14000000e+00,-1.12054121e+01,2.14000000e+00,-7.07630234e+00,2.14000000e+00,-3.41971806e+00,2.14000000e+00,-7.07478387e+00,2.14000000e+00,-3.44311007e+00,2.14000000e+00,-3.01306486e+00,
2.15000000e+00,-1.25230274e+01,2.15000000e+00,-1.25239690e+01,2.15000000e+00,-1.13928655e+01,2.15000000e+00,-7.21128464e+00,2.15000000e+00,-3.67322516e+00,2.15000000e+00,-7.20982300e+00,2.15000000e+00,-3.69640999e+00,2.15000000e+00,-3.17636926e+00,
2.16000000e+00,-1.26716255e+01,2.16000000e+00,-1.26725912e+01,2.16000000e+00,-1.15781624e+01,2.16000000e+00,-7.34603656e+00,2.16000000e+00,-3.92392379e+00,2.16000000e+00,-7.34462868e+00,2.16000000e+00,-3.94688695e+00,2.16000000e+00,-3.34049890e+00,
2.17000000e+00,-1.28188384e+01,2.17000000e+00,-1.28198276e+01,2.17000000e+00,-1.17613565e+01,2.17000000e+00,-7.48044901e+00,2.17000000e+00,-4.17187889e+00,2.17000000e+00,-7.47909238e+00,2.17000000e+00,-4.19460852e+00,2.17000000e+00,-3.50488167e+00,
2.18000000e+00,-1.29646979e+01,2.18000000e+00,-1.29657098e+01,2.18000000e+00,-1.19424999e+01,2.18000000e+00,-7.61444066e+00,2.18000000e+00,-4.41714846e+00,2.18000000e+00,-7.61313321e+00,2.18000000e+00,-4.43963473e+00,2.18000000e+00,-3.66904783e+00,
2.19000000e+00,-1.31092346e+01,2.19000000e+00,-1.31102686e+01,2.19000000e+00,-1.21216430e+01,2.19000000e+00,-7.74795079e+00,2.19000000e+00,-4.65977912e+00,2.19000000e+00,-7.74669077e+00,2.19000000e+00,-4.68201375e+00,2.19000000e+00,-3.83259212e+00,
2.20000000e+00,-1.32524783e+01,2.20000000e+00,-1.32535338e+01,2.20000000e+00,-1.22988350e+01,2.20000000e+00,-7.88093398e+00,2.20000000e+00,-4.89980442e+00,2.20000000e+00,-7.87971990e+00,2.20000000e+00,-4.92178048e+00,2.20000000e+00,-3.99514670e+00,
2.21000000e+00,-1.33944579e+01,2.21000000e+00,-1.33955344e+01,2.21000000e+00,-1.24741231e+01,2.21000000e+00,-8.01335624e+00,2.21000000e+00,-5.13724539e+00,2.21000000e+00,-8.01218678e+00,2.21000000e+00,-5.15895706e+00,2.21000000e+00,-4.15636318e+00,
2.22000000e+00,-1.35352015e+01,2.22000000e+00,-1.35362984e+01,2.22000000e+00,-1.26475535e+01,2.22000000e+00,-8.14519206e+00,2.22000000e+00,-5.37211239e+00,2.22000000e+00,-8.14406607e+00,2.22000000e+00,-5.39355491e+00,2.22000000e+00,-4.31590353e+00,
2.23000000e+00,-1.36747363e+01,2.23000000e+00,-1.36758530e+01,2.23000000e+00,-1.28191707e+01,2.23000000e+00,-8.27642240e+00,2.23000000e+00,-5.60440774e+00,2.23000000e+00,-8.27533881e+00,2.23000000e+00,-5.62557739e+00,2.23000000e+00,-4.47344035e+00,
2.24000000e+00,-1.38130888e+01,2.24000000e+00,-1.38142248e+01,2.24000000e+00,-1.29890180e+01,2.24000000e+00,-8.40703306e+00,2.24000000e+00,-5.83412860e+00,2.24000000e+00,-8.40599090e+00,2.24000000e+00,-5.85502263e+00,2.24000000e+00,-4.62866743e+00,
2.25000000e+00,-1.39502845e+01,2.25000000e+00,-1.39514394e+01,2.25000000e+00,-1.31571373e+01,2.25000000e+00,-8.53701360e+00,2.25000000e+00,-6.06126959e+00,2.25000000e+00,-8.53601199e+00,2.25000000e+00,-6.08188622e+00,2.25000000e+00,-4.78132020e+00,
2.26000000e+00,-1.40863484e+01,2.26000000e+00,-1.40875217e+01,2.26000000e+00,-1.33235692e+01,2.26000000e+00,-8.66635649e+00,2.26000000e+00,-6.28582514e+00,2.26000000e+00,-8.66539458e+00,2.26000000e+00,-6.30616353e+00,2.26000000e+00,-4.93120321e+00,
2.27000000e+00,-1.42213048e+01,2.27000000e+00,-1.42224961e+01,2.27000000e+00,-1.34883531e+01,2.27000000e+00,-8.79505646e+00,2.27000000e+00,-6.50779131e+00,2.27000000e+00,-8.79413347e+00,2.27000000e+00,-6.52785151e+00,2.27000000e+00,-5.07821837e+00,
2.28000000e+00,-1.43551771e+01,2.28000000e+00,-1.43563859e+01,2.28000000e+00,-1.36515272e+01,2.28000000e+00,-8.92311005e+00,2.28000000e+00,-6.72716714e+00,2.28000000e+00,-8.92222524e+00,2.28000000e+00,-6.74695004e+00,2.28000000e+00,-5.22238514e+00,
2.29000000e+00,-1.44879882e+01,2.29000000e+00,-1.44892142e+01,2.29000000e+00,-1.38131285e+01,2.29000000e+00,-9.05051529e+00,2.29000000e+00,-6.94395556e+00,2.29000000e+00,-9.04966794e+00,2.29000000e+00,-6.96346281e+00,2.29000000e+00,-5.36384478e+00,
2.30000000e+00,-1.46197602e+01,2.30000000e+00,-1.46210030e+01,2.30000000e+00,-1.39731928e+01,2.30000000e+00,-9.17727138e+00,2.30000000e+00,-7.15816387e+00,2.30000000e+00,-9.17646081e+00,2.30000000e+00,-7.17739780e+00,2.30000000e+00,-5.50284553e+00,
2.31000000e+00,-1.47505149e+01,2.31000000e+00,-1.47517740e+01,2.31000000e+00,-1.41317549e+01,2.31000000e+00,-9.30337851e+00,2.31000000e+00,-7.36980398e+00,2.31000000e+00,-9.30260407e+00,2.31000000e+00,-7.38876756e+00,2.31000000e+00,-5.63971189e+00,
2.32000000e+00,-1.48802730e+01,2.32000000e+00,-1.48815482e+01,2.32000000e+00,-1.42888487e+01,2.32000000e+00,-9.42883769e+00,2.32000000e+00,-7.57889238e+00,2.32000000e+00,-9.42809877e+00,2.32000000e+00,-7.59758910e+00,2.32000000e+00,-5.77480644e+00,
2.33000000e+00,-1.50090550e+01,2.33000000e+00,-1.50103459e+01,2.33000000e+00,-1.44445067e+01,2.33000000e+00,-9.55365066e+00,2.33000000e+00,-7.78544991e+00,2.33000000e+00,-9.55294666e+00,2.33000000e+00,-7.80388373e+00,2.33000000e+00,-5.90849332e+00,
2.34000000e+00,-1.51368808e+01,2.34000000e+00,-1.51381870e+01,2.34000000e+00,-1.45987607e+01,2.34000000e+00,-9.67781974e+00,2.34000000e+00,-7.98950147e+00,2.34000000e+00,-9.67715008e+00,2.34000000e+00,-8.00767673e+00,2.34000000e+00,-6.04111032e+00,
2.35000000e+00,-1.52637695e+01,2.35000000e+00,-1.52650908e+01,2.35000000e+00,-1.47516415e+01,2.35000000e+00,-9.80134776e+00,2.35000000e+00,-8.19107563e+00,2.35000000e+00,-9.80071189e+00,2.35000000e+00,-8.20899700e+00,2.35000000e+00,-6.17295173e+00,
2.36000000e+00,-1.53897399e+01,2.36000000e+00,-1.53910759e+01,2.36000000e+00,-1.49031790e+01,2.36000000e+00,-9.92423802e+00,2.36000000e+00,-8.39020417e+00,2.36000000e+00,-9.92363541e+00,2.36000000e+00,-8.40787657e+00,2.36000000e+00,-6.30426128e+00,
2.37000000e+00,-1.55148103e+01,2.37000000e+00,-1.55161607e+01,2.37000000e+00,-1.50534022e+01,2.37000000e+00,-1.00464942e+01,2.37000000e+00,-8.58692170e+00,2.37000000e+00,-1.00459243e+01,2.37000000e+00,-8.60435025e+00,2.37000000e+00,-6.43523237e+00,
2.38000000e+00,-1.56389984e+01,2.38000000e+00,-1.56403630e+01,2.38000000e+00,-1.52023393e+01,2.38000000e+00,-1.01681203e+01,2.38000000e+00,-8.78126518e+00,2.38000000e+00,-1.01675827e+01,2.38000000e+00,-8.79845515e+00,2.38000000e+00,-6.56601260e+00,
2.39000000e+00,-1.57623214e+01,2.39000000e+00,-1.57636999e+01,2.39000000e+00,-1.53500174e+01,2.39000000e+00,-1.02891207e+01,2.39000000e+00,-8.97327353e+00,2.39000000e+00,-1.02886149e+01,2.39000000e+00,-8.99023029e+00,2.39000000e+00,-6.69671037e+00,
2.40000000e+00,-1.58860887e+01,2.40000000e+00,-1.58874811e+01,2.40000000e+00,-1.54983231e+01,2.40000000e+00,-1.04106515e+01,2.40000000e+00,-9.16623148e+00,2.40000000e+00,-1.04101777e+01,2.40000000e+00,-9.18295264e+00,2.40000000e+00,-6.82838004e+00,
