-4.64158883e-01,1.00000000e-01,-4.64158883e-01,1.19551682e+00,-4.64158883e-01,1.75106609e+00,-4.64158883e-01,1.74868549e+00,-4.64158883e-01,1.16814579e+00,-4.64158883e-01,1.75008044e+00,-4.64158883e-01,1.86870927e+00,-4.64158883e-01,2.25463146e+00,-4.64158883e-01,2.27193560e+00,
-4.59517295e-01,9.70000000e-02,-4.59517295e-01,1.18782849e+00,-4.59517295e-01,1.74458790e+00,-4.59517295e-01,1.74216750e+00,-4.59517295e-01,1.16010908e+00,-4.59517295e-01,1.74360537e+00,-4.59517295e-01,1.86677757e+00,-4.59517295e-01,2.25331627e+00,-4.59517295e-01,2.27094952e+00,
-4.54875706e-01,9.40896000e-02,-4.54875706e-01,1.18003428e+00,-4.54875706e-01,1.73788374e+00,-4.54875706e-01,1.73541775e+00,-4.54875706e-01,1.15193026e+00,-4.54875706e-01,1.73690362e+00,-4.54875706e-01,1.86482739e+00,-4.54875706e-01,2.25199027e+00,-4.54875706e-01,2.26996942e+00,
-4.50234117e-01,9.12380000e-02,-4.50234117e-01,1.17231026e+00,-4.50234117e-01,1.73119998e+00,-4.50234117e-01,1.72868744e+00,-4.50234117e-01,1.14381535e+00,-4.50234117e-01,1.73022218e+00,-4.50234117e-01,1.86289666e+00,-4.50234117e-01,2.25067751e+00,-4.50234117e-01,2.26900308e+00,
-4.45592528e-01,8.84446000e-02,-4.45592528e-01,1.16457025e+00,-4.45592528e-01,1.72442624e+00,-4.45592528e-01,1.72186440e+00,-4.45592528e-01,1.13566523e+00,-4.45592528e-01,1.72345056e+00,-4.45592528e-01,1.86096569e+00,-4.45592528e-01,2.24936480e+00,-4.45592528e-01,2.26804443e+00,
-4.40950939e-01,8.57088000e-02,-4.40950939e-01,1.15681271e+00,-4.40950939e-01,1.71755679e+00,-4.40950939e-01,1.71494292e+00,-4.40950939e-01,1.12747683e+00,-4.40950939e-01,1.71658318e+00,-4.40950939e-01,1.85903397e+00,-4.40950939e-01,2.24805147e+00,-4.40950939e-01,2.26709330e+00,
-4.36309350e-01,8.30300000e-02,-4.36309350e-01,1.14903588e+00,-4.36309350e-01,1.71058541e+00,-4.36309350e-01,1.70791678e+00,-4.36309350e-01,1.11924674e+00,-4.36309350e-01,1.70961393e+00,-4.36309350e-01,1.85710096e+00,-4.36309350e-01,2.24673679e+00,-4.36309350e-01,2.26614951e+00,
-4.31667762e-01,8.04076000e-02,-4.31667762e-01,1.14123780e+00,-4.31667762e-01,1.70350514e+00,-4.31667762e-01,1.70077913e+00,-4.31667762e-01,1.11097115e+00,-4.31667762e-01,1.70253605e+00,-4.31667762e-01,1.85516603e+00,-4.31667762e-01,2.24541993e+00,-4.31667762e-01,2.26521285e+00,
-4.27026173e-01,7.78410000e-02,-4.27026173e-01,1.13341623e+00,-4.27026173e-01,1.69630828e+00,-4.27026173e-01,1.69352238e+00,-4.27026173e-01,1.10264579e+00,-4.27026173e-01,1.69534205e+00,-4.27026173e-01,1.85322850e+00,-4.27026173e-01,2.24410000e+00,-4.27026173e-01,2.26428307e+00,
-4.22384584e-01,7.53296000e-02,-4.22384584e-01,1.12556868e+00,-4.22384584e-01,1.68898621e+00,-4.22384584e-01,1.68613812e+00,-4.22384584e-01,1.09426591e+00,-4.22384584e-01,1.68802358e+00,-4.22384584e-01,1.85128761e+00,-4.22384584e-01,2.24277597e+00,-4.22384584e-01,2.26335988e+00,
-4.17742995e-01,7.28728000e-02,-4.17742995e-01,1.11769236e+00,-4.17742995e-01,1.68152932e+00,-4.17742995e-01,1.67861703e+00,-4.17742995e-01,1.08582622e+00,-4.17742995e-01,1.68057137e+00,-4.17742995e-01,1.84934250e+00,-4.17742995e-01,2.24144674e+00,-4.17742995e-01,2.26244296e+00,
-4.13101406e-01,7.04700000e-02,-4.13101406e-01,1.10978420e+00,-4.13101406e-01,1.67392680e+00,-4.13101406e-01,1.67094870e+00,-4.13101406e-01,1.07732082e+00,-4.13101406e-01,1.67297503e+00,-4.13101406e-01,1.84739224e+00,-4.13101406e-01,2.24011105e+00,-4.13101406e-01,2.26153194e+00,
-4.08459817e-01,6.81206000e-02,-4.08459817e-01,1.10184074e+00,-4.08459817e-01,1.66616650e+00,-4.08459817e-01,1.66312154e+00,-4.08459817e-01,1.06874312e+00,-4.08459817e-01,1.66522291e+00,-4.08459817e-01,1.84543580e+00,-4.08459817e-01,2.23876752e+00,-4.08459817e-01,2.26062640e+00,
-4.03818229e-01,6.58240000e-02,-4.03818229e-01,1.09385818e+00,-4.03818229e-01,1.65823474e+00,-4.03818229e-01,1.65512255e+00,-4.03818229e-01,1.06008574e+00,-4.03818229e-01,1.65730195e+00,-4.03818229e-01,1.84347202e+00,-4.03818229e-01,2.23741460e+00,-4.03818229e-01,2.25972587e+00,
-3.99176640e-01,6.35796000e-02,-3.99176640e-01,1.08583229e+00,-3.99176640e-01,1.65011598e+00,-3.99176640e-01,1.64693717e+00,-3.99176640e-01,1.05134043e+00,-3.99176640e-01,1.64919737e+00,-3.99176640e-01,1.84149965e+00,-3.99176640e-01,2.23605055e+00,-3.99176640e-01,2.25882979e+00,
-3.94535051e-01,6.13868000e-02,-3.94535051e-01,1.07775835e+00,-3.94535051e-01,1.64179260e+00,-3.94535051e-01,1.63854896e+00,-3.94535051e-01,1.04249794e+00,-3.94535051e-01,1.64089249e+00,-3.94535051e-01,1.83951727e+00,-3.94535051e-01,2.23467343e+00,-3.94535051e-01,2.25793755e+00,
-3.89893462e-01,5.92450000e-02,-3.89893462e-01,1.06963116e+00,-3.89893462e-01,1.63324449e+00,-3.89893462e-01,1.62993936e+00,-3.89893462e-01,1.03354785e+00,-3.89893462e-01,1.63236833e+00,-3.89893462e-01,1.83752332e+00,-3.89893462e-01,2.23328106e+00,-3.89893462e-01,2.25704842e+00,
-3.85251873e-01,5.71536000e-02,-3.85251873e-01,1.06144491e+00,-3.85251873e-01,1.62444864e+00,-3.85251873e-01,1.62108732e+00,-3.85251873e-01,1.02447845e+00,-3.85251873e-01,1.62360325e+00,-3.85251873e-01,1.83551608e+00,-3.85251873e-01,2.23187097e+00,-3.85251873e-01,2.25616160e+00,
-3.80610284e-01,5.51120000e-02,-3.80610284e-01,1.05319313e+00,-3.80610284e-01,1.61537861e+00,-3.80610284e-01,1.61196884e+00,-3.80610284e-01,1.01527649e+00,-3.80610284e-01,1.61457249e+00,-3.80610284e-01,1.83349361e+00,-3.80610284e-01,2.23044035e+00,-3.80610284e-01,2.25527613e+00,
-3.75968696e-01,5.31196000e-02,-3.75968696e-01,1.04486861e+00,-3.75968696e-01,1.60600392e+00,-3.75968696e-01,1.60255650e+00,-3.75968696e-01,1.00592696e+00,-3.75968696e-01,1.60524756e+00,-3.75968696e-01,1.83145375e+00,-3.75968696e-01,2.22898603e+00,-3.75968696e-01,2.25439092e+00,
-3.71327107e-01,5.11758000e-02,-3.71327107e-01,1.03646328e+00,-3.71327107e-01,1.59628924e+00,-3.71327107e-01,1.59281877e+00,-3.71327107e-01,9.96412846e-01,-3.71327107e-01,1.59559556e+00,-3.71327107e-01,1.82939411e+00,-3.71327107e-01,2.22750437e+00,-3.71327107e-01,2.25350472e+00,
-3.66685518e-01,4.92800000e-02,-3.66685518e-01,1.02796812e+00,-3.66685518e-01,1.58619355e+00,-3.66685518e-01,1.58271926e+00,-3.66685518e-01,9.86714761e-01,-3.66685518e-01,1.58557833e+00,-3.66685518e-01,1.82731198e+00,-3.66685518e-01,2.22599118e+00,-3.66685518e-01,2.25261604e+00,
-3.62043929e-01,4.74316000e-02,-3.62043929e-01,1.01937300e+00,-3.62043929e-01,1.57566900e+00,-3.62043929e-01,1.57221577e+00,-3.62043929e-01,9.76810611e-01,-3.62043929e-01,1.57515138e+00,-3.62043929e-01,1.82520431e+00,-3.62043929e-01,2.22444164e+00,-3.62043929e-01,2.25172317e+00,
-3.57402340e-01,4.56300000e-02,-3.57402340e-01,1.01066651e+00,-3.57402340e-01,1.56465965e+00,-3.57402340e-01,1.56125909e+00,-3.57402340e-01,9.66675160e-01,-3.57402340e-01,1.56426265e+00,-3.57402340e-01,1.82306768e+00,-3.57402340e-01,2.22285015e+00,-3.57402340e-01,2.25082407e+00,
-3.52760751e-01,4.38746000e-02,-3.52760751e-01,1.00183579e+00,-3.52760751e-01,1.55309994e+00,-3.52760751e-01,1.54979157e+00,-3.52760751e-01,9.56279555e-01,-3.52760751e-01,1.55285090e+00,-3.52760751e-01,1.82089819e+00,-3.52760751e-01,2.22121020e+00,-3.52760751e-01,2.24991634e+00,
-3.48119163e-01,4.21648000e-02,-3.48119163e-01,9.92866279e-01,-3.48119163e-01,1.54091297e+00,-3.48119163e-01,1.53774533e+00,-3.48119163e-01,9.45590821e-01,-3.48119163e-01,1.54084393e+00,-3.48119163e-01,1.81869141e+00,-3.48119163e-01,2.21951416e+00,-3.48119163e-01,2.24899711e+00,
-3.43477574e-01,4.05000000e-02,-3.43477574e-01,9.83741486e-01,-3.43477574e-01,1.52800864e+00,-3.43477574e-01,1.52504017e+00,-3.43477574e-01,9.34571334e-01,-3.43477574e-01,1.52815627e+00,-3.43477574e-01,1.81644229e+00,-3.43477574e-01,2.21775307e+00,-3.43477574e-01,2.24806294e+00,
-3.38835985e-01,3.88796000e-02,-3.38835985e-01,9.74442655e-01,-3.38835985e-01,1.51428173e+00,-3.38835985e-01,1.51158105e+00,-3.38835985e-01,9.23178344e-01,-3.38835985e-01,1.51468670e+00,-3.38835985e-01,1.81414502e+00,-3.38835985e-01,2.21591639e+00,-3.38835985e-01,2.24710973e+00,
-3.34194396e-01,3.73030000e-02,-3.34194396e-01,9.64948427e-01,-3.34194396e-01,1.49961021e+00,-3.34194396e-01,1.49725521e+00,-3.34194396e-01,9.11363615e-01,-3.34194396e-01,1.50031548e+00,-3.34194396e-01,1.81179292e+00,-3.34194396e-01,2.21399169e+00,-3.34194396e-01,2.24613248e+00,
-3.29552807e-01,3.57696000e-02,-3.29552807e-01,9.55234428e-01,-3.29552807e-01,1.48385422e+00,-3.29552807e-01,1.48192924e+00,-3.29552807e-01,8.99073350e-01,-3.29552807e-01,1.48490161e+00,-3.29552807e-01,1.80937828e+00,-3.29552807e-01,2.21196436e+00,-3.29552807e-01,2.24512518e+00,
-3.24911218e-01,3.42788000e-02,-3.24911218e-01,9.45272824e-01,-3.24911218e-01,1.46685637e+00,-3.24911218e-01,1.46544639e+00,-3.24911218e-01,8.86248567e-01,-3.24911218e-01,1.46828073e+00,-3.24911218e-01,1.80689214e+00,-3.24911218e-01,2.20981724e+00,-3.24911218e-01,2.24408056e+00,
-3.20269630e-01,3.28300000e-02,-3.20269630e-01,9.35031822e-01,-3.20269630e-01,1.44844429e+00,-3.20269630e-01,1.44762511e+00,-3.20269630e-01,8.72826216e-01,-3.20269630e-01,1.45026467e+00,-3.20269630e-01,1.80432408e+00,-3.20269630e-01,2.20753037e+00,-3.20269630e-01,2.24298988e+00,
-3.15628041e-01,3.14226000e-02,-3.15628041e-01,9.24475159e-01,-3.15628041e-01,1.42843635e+00,-3.15628041e-01,1.42826032e+00,-3.15628041e-01,8.58741278e-01,-3.15628041e-01,1.43064416e+00,-3.15628041e-01,1.80166193e+00,-3.15628041e-01,2.20508081e+00,-3.15628041e-01,2.24184280e+00,
-3.10986452e-01,3.00560000e-02,-3.10986452e-01,9.13561612e-01,-3.10986452e-01,1.40665105e+00,-3.10986452e-01,1.40712957e+00,-3.10986452e-01,8.43930066e-01,-3.10986452e-01,1.40919687e+00,-3.10986452e-01,1.79889149e+00,-3.10986452e-01,2.20244260e+00,-3.10986452e-01,2.24062729e+00,
-3.06344863e-01,2.87296000e-02,-3.06344863e-01,9.02244599e-01,-3.06344863e-01,1.38292004e+00,-3.06344863e-01,1.38400649e+00,-3.06344863e-01,8.28334690e-01,-3.06344863e-01,1.38570252e+00,-3.06344863e-01,1.79599616e+00,-3.06344863e-01,2.19958704e+00,-3.06344863e-01,2.23932969e+00,
-3.01703274e-01,2.74428000e-02,-3.01703274e-01,8.90471979e-01,-3.01703274e-01,1.35710304e+00,-3.01703274e-01,1.35868293e+00,-3.01703274e-01,8.11908317e-01,-3.01703274e-01,1.35996588e+00,-3.01703274e-01,1.79295662e+00,-3.01703274e-01,2.19648322e+00,-3.01703274e-01,2.23793505e+00,
-2.97061685e-01,2.61950000e-02,-2.97061685e-01,8.78186219e-01,-2.97061685e-01,1.32910244e+00,-2.97061685e-01,1.33099802e+00,-2.97061685e-01,7.94620432e-01,-2.97061685e-01,1.33184477e+00,-2.97061685e-01,1.78975043e+00,-2.97061685e-01,2.19309883e+00,-2.97061685e-01,2.23642750e+00,
-2.92420097e-01,2.49856000e-02,-2.92420097e-01,8.65325123e-01,-2.92420097e-01,1.29887524e+00,-2.92420097e-01,1.30086817e+00,-2.92420097e-01,7.76461028e-01,-2.92420097e-01,1.30127712e+00,-2.92420097e-01,1.78635177e+00,-2.92420097e-01,2.18940122e+00,-2.92420097e-01,2.23479044e+00,
-2.87778508e-01,2.38140000e-02,-2.87778508e-01,8.51823343e-01,-2.87778508e-01,1.26644102e+00,-2.87778508e-01,1.26830852e+00,-2.87778508e-01,7.57442768e-01,-2.87778508e-01,1.26829859e+00,-2.87778508e-01,1.78273128e+00,-2.87778508e-01,2.18535838e+00,-2.87778508e-01,2.23300614e+00,
-2.83136919e-01,2.26796000e-02,-2.83136919e-01,8.37614870e-01,-2.83136919e-01,1.23188531e+00,-2.83136919e-01,1.23343817e+00,-2.83136919e-01,7.37600631e-01,-2.83136919e-01,1.23304464e+00,-2.83136919e-01,1.77885604e+00,-2.83136919e-01,2.18093987e+00,-2.83136919e-01,2.23105432e+00,
-2.78495330e-01,2.15818000e-02,-2.78495330e-01,8.22636527e-01,-2.78495330e-01,1.19535790e+00,-2.78495330e-01,1.19646767e+00,-2.78495330e-01,7.16989271e-01,-2.78495330e-01,1.19573657e+00,-2.78495330e-01,1.77468991e+00,-2.78495330e-01,2.17611741e+00,-2.78495330e-01,2.22890936e+00,
-2.73853741e-01,2.05200000e-02,-2.73853741e-01,8.06832292e-01,-2.73853741e-01,1.15706571e+00,-2.73853741e-01,1.15767411e+00,-2.73853741e-01,6.95678885e-01,-2.73853741e-01,1.15665707e+00,-2.73853741e-01,1.77019410e+00,-2.73853741e-01,2.17086528e+00,-2.73853741e-01,2.22653667e+00,
-2.69212152e-01,1.94936000e-02,-2.69212152e-01,7.90157928e-01,-2.69212152e-01,1.11726066e+00,-2.69212152e-01,1.11737257e+00,-2.69212152e-01,6.73750636e-01,-2.69212152e-01,1.11612273e+00,-2.69212152e-01,1.76532797e+00,-2.69212152e-01,2.16516060e+00,-2.69212152e-01,2.22388888e+00,
-2.64570564e-01,1.85020000e-02,-2.64570564e-01,7.72585184e-01,-2.64570564e-01,1.07622438e+00,-2.64570564e-01,1.07589085e+00,-2.64570564e-01,6.51292323e-01,-2.64570564e-01,1.07446017e+00,-2.64570564e-01,1.76005011e+00,-2.64570564e-01,2.15898282e+00,-2.64570564e-01,2.22090341e+00,
-2.59928975e-01,1.75616000e-02,-2.59928975e-01,7.54445231e-01,-2.59928975e-01,1.03501683e+00,-2.59928975e-01,1.03432193e+00,-2.59928975e-01,6.28812007e-01,-2.59928975e-01,1.03276142e+00,-2.59928975e-01,1.75442624e+00,-2.59928975e-01,2.15243858e+00,-2.59928975e-01,2.21756831e+00,
-2.55287386e-01,1.66375000e-02,-2.55287386e-01,7.35090711e-01,-2.55287386e-01,9.92427712e-01,-2.55287386e-01,9.91451111e-01,-2.55287386e-01,6.05580397e-01,-2.55287386e-01,9.89802659e-01,-2.55287386e-01,1.74821345e+00,-2.55287386e-01,2.14527424e+00,-2.55287386e-01,2.21367592e+00,
-2.50645797e-01,1.57464000e-02,-2.50645797e-01,7.14869703e-01,-2.50645797e-01,9.49476812e-01,-2.50645797e-01,9.48304810e-01,-2.50645797e-01,5.82090722e-01,-2.50645797e-01,9.46607865e-01,-2.50645797e-01,1.74146959e+00,-2.50645797e-01,2.13758971e+00,-2.50645797e-01,2.20919129e+00,
-2.46004208e-01,1.48877000e-02,-2.46004208e-01,6.93829229e-01,-2.46004208e-01,9.06428475e-01,-2.46004208e-01,9.05139123e-01,-2.46004208e-01,5.58431641e-01,-2.46004208e-01,9.03427093e-01,-2.46004208e-01,1.73415747e+00,-2.46004208e-01,2.12937334e+00,-2.46004208e-01,2.20402909e+00,
-2.41362619e-01,1.40608000e-02,-2.41362619e-01,6.72030322e-01,-2.41362619e-01,8.63523100e-01,-2.41362619e-01,8.62182936e-01,-2.41362619e-01,5.34689275e-01,-2.41362619e-01,8.60482924e-01,-2.41362619e-01,1.72624133e+00,-2.41362619e-01,2.12061551e+00,-2.41362619e-01,2.19811763e+00,
-2.36721031e-01,1.32651000e-02,-2.36721031e-01,6.49544612e-01,-2.36721031e-01,8.20974944e-01,-2.36721031e-01,8.19637951e-01,-2.36721031e-01,5.10946859e-01,-2.36721031e-01,8.17971008e-01,-2.36721031e-01,1.71768638e+00,-2.36721031e-01,2.11130865e+00,-2.36721031e-01,2.19140354e+00,
-2.32079442e-01,1.25000000e-02,-2.32079442e-01,6.26451346e-01,-2.32079442e-01,7.78971752e-01,-2.32079442e-01,7.77679592e-01,-2.32079442e-01,4.87284510e-01,-2.32079442e-01,7.76061378e-01,-2.32079442e-01,1.70845845e+00,-2.32079442e-01,2.10144720e+00,-2.32079442e-01,2.18385289e+00,
-2.27437853e-01,1.17649000e-02,-2.27437853e-01,6.02834996e-01,-2.27437853e-01,7.37675610e-01,-2.27437853e-01,7.36458577e-01,-2.27437853e-01,4.63779024e-01,-2.27437853e-01,7.34900229e-01,-2.27437853e-01,1.69852368e+00,-2.27437853e-01,2.09102757e+00,-2.27437853e-01,2.17544949e+00,
-2.22796264e-01,1.10592000e-02,-2.22796264e-01,5.78783540e-01,-2.22796264e-01,6.97224533e-01,-2.22796264e-01,6.96102922e-01,-2.22796264e-01,4.40503648e-01,-2.22796264e-01,6.94611929e-01,-2.22796264e-01,1.68784814e+00,-2.22796264e-01,2.08004811e+00,-2.22796264e-01,2.16619175e+00,
-2.18154675e-01,1.03823000e-02,-2.18154675e-01,5.54387336e-01,-2.18154675e-01,6.57734446e-01,-2.18154675e-01,6.56720175e-01,-2.18154675e-01,4.17527826e-01,-2.18154675e-01,6.55301184e-01,-2.18154675e-01,1.67639771e+00,-2.18154675e-01,2.06850904e+00,-2.18154675e-01,2.15608990e+00,
-2.13513086e-01,9.73360000e-03,-2.13513086e-01,5.29738395e-01,-2.13513086e-01,6.19301306e-01,-2.13513086e-01,6.18399434e-01,-2.13513086e-01,3.94916918e-01,-2.13513086e-01,6.17054982e-01,-2.13513086e-01,1.66413785e+00,-2.13513086e-01,2.05641226e+00,-2.13513086e-01,2.14516144e+00,
-2.08871498e-01,9.11250000e-03,-2.08871498e-01,5.04929910e-01,-2.08871498e-01,5.82003226e-01,-2.08871498e-01,5.81213461e-01,-2.08871498e-01,3.72731895e-01,-2.08871498e-01,5.79944485e-01,-2.08871498e-01,1.65103363e+00,-2.08871498e-01,2.04376120e+00,-2.08871498e-01,2.13342865e+00,
-2.04229909e-01,8.51840000e-03,-2.04229909e-01,4.80055854e-01,-2.04229909e-01,5.45902505e-01,-2.04229909e-01,5.45220595e-01,-2.04229909e-01,3.51029049e-01,-2.04229909e-01,5.44026845e-01,-2.04229909e-01,1.63704966e+00,-2.04229909e-01,2.03056060e+00,-2.04229909e-01,2.12091667e+00,
-1.99588320e-01,7.95070000e-03,-1.99588320e-01,4.55210555e-01,-1.99588320e-01,5.11047503e-01,-1.99588320e-01,5.10466452e-01,-1.99588320e-01,3.29859721e-01,-1.99588320e-01,5.09346818e-01,-1.99588320e-01,1.62215011e+00,-1.99588320e-01,2.01681615e+00,-1.99588320e-01,2.10765202e+00,
-1.94946731e-01,7.40880000e-03,-1.94946731e-01,4.30488153e-01,-1.94946731e-01,4.77474360e-01,-1.94946731e-01,4.76985445e-01,-1.94946731e-01,3.09270080e-01,-1.94946731e-01,4.75938195e-01,-1.94946731e-01,1.60629870e+00,-1.94946731e-01,2.00253419e+00,-1.94946731e-01,2.09366144e+00,
-1.90305142e-01,6.89210000e-03,-1.90305142e-01,4.05981911e-01,-1.90305142e-01,4.45208536e-01,-1.90305142e-01,4.44802125e-01,-1.90305142e-01,2.89300952e-01,-1.90305142e-01,4.43825089e-01,-1.90305142e-01,1.58945877e+00,-1.90305142e-01,1.98772124e+00,-1.90305142e-01,2.07897107e+00,
-1.85663553e-01,6.40000000e-03,-1.85663553e-01,3.81783369e-01,-1.85663553e-01,4.14266181e-01,-1.85663553e-01,4.13932370e-01,-1.85663553e-01,2.69987735e-01,-1.85663553e-01,4.13023075e-01,-1.85663553e-01,1.57159333e+00,-1.85663553e-01,1.97238353e+00,-1.85663553e-01,2.06360586e+00,
-1.81021965e-01,5.93190000e-03,-1.81021965e-01,3.57981365e-01,-1.81021965e-01,3.84655354e-01,-1.81021965e-01,3.84384430e-01,-1.81021965e-01,2.51360377e-01,-1.81021965e-01,3.83540204e-01,-1.81021965e-01,1.55266526e+00,-1.81021965e-01,1.95652638e+00,-1.81021965e-01,2.04758903e+00,
-1.76380376e-01,5.48720000e-03,-1.76380376e-01,3.34660960e-01,-1.76380376e-01,3.56377092e-01,-1.76380376e-01,3.56159862e-01,-1.76380376e-01,2.33443441e-01,-1.76380376e-01,3.55377907e-01,-1.76380376e-01,1.53263783e+00,-1.76380376e-01,1.94015362e+00,-1.76380376e-01,2.03094168e+00,
-1.71738787e-01,5.06530000e-03,-1.71738787e-01,3.11902335e-01,-1.71738787e-01,3.29426351e-01,-1.71738787e-01,3.29254351e-01,-1.71738787e-01,2.16256237e-01,-1.71738787e-01,3.28531800e-01,-1.71738787e-01,1.51147581e+00,-1.71738787e-01,1.92326675e+00,-1.71738787e-01,2.01368234e+00,
-1.67097198e-01,4.66560000e-03,-1.67097198e-01,2.89779717e-01,-1.67097198e-01,3.03792835e-01,-1.67097198e-01,3.03658446e-01,-1.67097198e-01,1.99813031e-01,-1.67097198e-01,3.02992406e-01,-1.67097198e-01,1.48914772e+00,-1.67097198e-01,1.90586408e+00,-1.67097198e-01,1.99582650e+00,
-1.62455609e-01,4.28750000e-03,-1.62455609e-01,2.68360414e-01,-1.62455609e-01,2.79461714e-01,-1.62455609e-01,2.79358210e-01,-1.62455609e-01,1.84123295e-01,-1.62455609e-01,2.78745794e-01,-1.62455609e-01,1.46563003e+00,-1.62455609e-01,1.88793962e+00,-1.62455609e-01,1.97738614e+00,
-1.57814020e-01,3.93040000e-03,-1.57814020e-01,2.47703997e-01,-1.57814020e-01,2.56414264e-01,-1.57814020e-01,2.56335806e-01,-1.57814020e-01,1.69192018e-01,-1.57814020e-01,2.55774152e-01,-1.57814020e-01,1.44091419e+00,-1.57814020e-01,1.86948172e+00,-1.57814020e-01,1.95836908e+00,
-1.53172432e-01,3.59370000e-03,-1.53172432e-01,2.27861697e-01,-1.53172432e-01,2.34628409e-01,-1.53172432e-01,2.34570008e-01,-1.53172432e-01,1.55020040e-01,-1.53172432e-01,2.34056300e-01,-1.53172432e-01,1.41501703e+00,-1.53172432e-01,1.85047140e+00,-1.53172432e-01,1.93877815e+00,
-1.48530843e-01,3.27680000e-03,-1.48530843e-01,2.08876028e-01,-1.48530843e-01,2.14079213e-01,-1.48530843e-01,2.14036666e-01,-1.48530843e-01,1.41604403e-01,-1.48530843e-01,2.13568140e-01,-1.48530843e-01,1.38799245e+00,-1.48530843e-01,1.83088011e+00,-1.48530843e-01,1.91861023e+00,
-1.43889254e-01,2.97910000e-03,-1.43889254e-01,1.90780659e-01,-1.43889254e-01,1.94739293e-01,-1.43889254e-01,1.94709104e-01,-1.43889254e-01,1.28938723e-01,-1.43889254e-01,1.94283064e-01,-1.43889254e-01,1.35993828e+00,-1.43889254e-01,1.81066672e+00,-1.43889254e-01,1.89785477e+00,
-1.39247665e-01,2.70000000e-03,-1.39247665e-01,1.73600504e-01,-1.39247665e-01,1.76579187e-01,-1.39247665e-01,1.76558490e-01,-1.39247665e-01,1.17013550e-01,-1.39247665e-01,1.76172309e-01,-1.39247665e-01,1.33098936e+00,-1.39247665e-01,1.78977343e+00,-1.39247665e-01,1.87649198e+00,
-1.34606076e-01,2.43890000e-03,-1.34606076e-01,1.57352035e-01,-1.34606076e-01,1.59567671e-01,-1.34606076e-01,1.59554145e-01,-1.34606076e-01,1.05816720e-01,-1.34606076e-01,1.59205272e-01,-1.34606076e-01,1.30129466e+00,-1.34606076e-01,1.76811995e+00,-1.34606076e-01,1.85449023e+00,
-1.29964487e-01,2.19520000e-03,-1.29964487e-01,1.42043753e-01,-1.29964487e-01,1.43672037e-01,-1.29964487e-01,1.43663826e-01,-1.29964487e-01,9.53336969e-02,-1.29964487e-01,1.43349787e-01,-1.29964487e-01,1.27098851e+00,-1.29964487e-01,1.74559495e+00,-1.29964487e-01,1.83180238e+00,
-1.25322899e-01,1.96830000e-03,-1.25322899e-01,1.27676793e-01,-1.25322899e-01,1.28858325e-01,-1.25322899e-01,1.28853965e-01,-1.25322899e-01,8.55478859e-02,-1.25322899e-01,1.28572369e-01,-1.25322899e-01,1.24016872e+00,-1.25322899e-01,1.72204330e+00,-1.25322899e-01,1.80836055e+00,
-1.20681310e-01,1.75760000e-03,-1.20681310e-01,1.14245613e-01,-1.20681310e-01,1.15091535e-01,-1.20681310e-01,1.15089889e-01,-1.20681310e-01,7.64409274e-02,-1.20681310e-01,1.14838424e-01,-1.20681310e-01,1.20888544e+00,-1.20681310e-01,1.69724598e+00,-1.20681310e-01,1.78406841e+00,
-1.16039721e-01,1.56250000e-03,-1.16039721e-01,1.01738735e-01,-1.16039721e-01,1.02335799e-01,-1.16039721e-01,1.02335995e-01,-1.16039721e-01,6.79929616e-02,-1.16039721e-01,1.02112436e-01,-1.16039721e-01,1.17713604e+00,-1.16039721e-01,1.67088764e+00,-1.16039721e-01,1.75878948e+00,
-1.11398132e-01,1.38240000e-03,-1.11398132e-01,9.01394862e-02,-1.11398132e-01,9.05545344e-02,-1.11398132e-01,9.05559162e-02,-1.11398132e-01,6.01828666e-02,-1.11398132e-01,9.03581201e-02,-1.11398132e-01,1.14485960e+00,-1.11398132e-01,1.64250123e+00,-1.11398132e-01,1.73232885e+00,
-1.06756543e-01,1.21670000e-03,-1.06756543e-01,7.94267269e-02,-1.06756543e-01,7.97105707e-02,-1.06756543e-01,7.97126546e-02,-1.06756543e-01,5.29884698e-02,-1.06756543e-01,7.95385636e-02,-1.06756543e-01,1.11192543e+00,-1.06756543e-01,1.61136877e+00,-1.06756543e-01,1.70440342e+00,
-1.02114954e-01,1.06480000e-03,-1.02114954e-01,6.95755372e-02,-1.02114954e-01,6.97662603e-02,-1.02114954e-01,6.97686975e-02,-1.02114954e-01,4.63867317e-02,-1.02114954e-01,6.96163386e-02,-1.02114954e-01,1.07811004e+00,-1.02114954e-01,1.57633314e+00,-1.02114954e-01,1.67459109e+00,
-9.74733655e-02,9.26100000e-04,-9.74733655e-02,6.05578453e-02,-9.74733655e-02,6.06835702e-02,-9.74733655e-02,6.06861162e-02,-9.74733655e-02,4.03539066e-02,-9.74733655e-02,6.05536018e-02,-9.74733655e-02,1.04305367e+00,-9.74733655e-02,1.53542334e+00,-9.74733655e-02,1.64223914e+00,
-9.28317767e-02,8.00000000e-04,-9.28317767e-02,5.23429917e-02,-9.28317767e-02,5.24241585e-02,-9.28317767e-02,5.24266488e-02,-9.28317767e-02,3.48656782e-02,-9.28317767e-02,5.23121768e-02,-9.28317767e-02,1.00617874e+00,-9.28317767e-02,1.48511209e+00,-9.28317767e-02,1.60628741e+00,
-8.81901878e-02,6.85900000e-04,-8.81901878e-02,4.48982248e-02,-8.81901878e-02,4.49494392e-02,-8.81901878e-02,4.49517690e-02,-8.81901878e-02,2.98972756e-02,-8.81901878e-02,4.48536229e-02,-8.81901878e-02,9.66534889e-01,-8.81901878e-02,1.41914996e+00,-8.81901878e-02,1.56490192e+00,
-8.35485990e-02,5.83200000e-04,-8.35485990e-02,3.81891263e-02,-8.35485990e-02,3.82206349e-02,-8.35485990e-02,3.82227432e-02,-8.35485990e-02,2.54235701e-02,-8.35485990e-02,3.81392922e-02,-8.35485990e-02,9.22509558e-01,-8.35485990e-02,1.32867011e+00,-8.35485990e-02,1.51467130e+00,
-7.89070102e-02,4.91300000e-04,-7.89070102e-02,3.21799718e-02,-7.89070102e-02,3.21988198e-02,-7.89070102e-02,3.22006773e-02,-7.89070102e-02,2.14191544e-02,-7.89070102e-02,3.21303761e-02,-7.89070102e-02,8.71387113e-01,-7.89070102e-02,1.20857568e+00,-7.89070102e-02,1.44893768e+00,
-7.42654213e-02,4.09600000e-04,-7.42654213e-02,2.68340296e-02,-7.42654213e-02,2.68449553e-02,-7.42654213e-02,2.68465546e-02,-7.42654213e-02,1.78584082e-02,-7.42654213e-02,2.67879438e-02,-7.42654213e-02,8.09306689e-01,-7.42654213e-02,1.06554370e+00,-7.42654213e-02,1.35606427e+00,
-6.96238325e-02,3.37500000e-04,-6.96238325e-02,2.21138049e-02,-6.96238325e-02,2.21199175e-02,-6.96238325e-02,2.21212658e-02,-6.96238325e-02,1.47155506e-02,-6.96238325e-02,2.20729720e-02,-6.96238325e-02,7.33439639e-01,-6.96238325e-02,9.12977579e-01,-6.96238325e-02,1.22546633e+00,
-6.49822437e-02,2.74400000e-04,-6.49822437e-02,1.79812351e-02,-6.49822437e-02,1.79845197e-02,-6.49822437e-02,1.79856337e-02,-6.49822437e-02,1.19646815e-02,-6.49822437e-02,1.79463690e-02,-6.49822437e-02,6.45452602e-01,-6.49822437e-02,7.62499536e-01,-6.49822437e-02,1.06338130e+00,
-6.03406548e-02,2.19700000e-04,-6.03406548e-02,1.43978447e-02,-6.03406548e-02,1.43995296e-02,-6.03406548e-02,1.44004316e-02,-6.03406548e-02,9.57981461e-03,-6.03406548e-02,1.43689940e-02,-6.03406548e-02,5.50650209e-01,-6.03406548e-02,6.21745438e-01,-6.03406548e-02,8.89058476e-01,
-5.56990660e-02,1.72800000e-04,-5.56990660e-02,1.13248635e-02,-5.56990660e-02,1.13256825e-02,-5.56990660e-02,1.13263973e-02,-5.56990660e-02,7.53490202e-03,-5.56990660e-02,1.13016707e-02,-5.56990660e-02,4.54875609e-01,-5.56990660e-02,4.95023033e-01,-5.56990660e-02,7.19237159e-01,
-5.10574772e-02,1.33100000e-04,-5.10574772e-02,8.72331771e-03,-5.10574772e-02,8.72369126e-03,-5.10574772e-02,8.72424451e-03,-5.10574772e-02,5.80385341e-03,-5.10574772e-02,8.70519880e-03,-5.10574772e-02,3.63249853e-01,-5.10574772e-02,3.84341771e-01,-5.10574772e-02,5.64070625e-01,
-4.64158883e-02,1.00000000e-04,-4.64158883e-02,6.55409586e-03,-4.64158883e-02,6.55425372e-03,-4.64158883e-02,6.55467068e-03,-4.64158883e-02,4.36054981e-03,-4.64158883e-02,6.54036135e-03,-4.64158883e-02,2.79822524e-01,-4.64158883e-02,2.90216767e-01,-4.64158883e-02,4.28591637e-01,
-4.17742995e-02,7.29000000e-05,-4.17742995e-02,4.77799717e-03,-4.17742995e-02,4.77805790e-03,-4.17742995e-02,4.77836244e-03,-4.17742995e-02,3.17885368e-03,-4.17742995e-02,4.76793095e-03,-4.17742995e-02,2.07309338e-01,-4.17742995e-02,2.12212356e-01,-4.17742995e-02,3.14566334e-01,
-3.71327107e-02,5.12000000e-05,-3.71327107e-02,3.35576501e-03,-3.71327107e-02,3.35578573e-03,-3.71327107e-02,3.35599985e-03,-3.71327107e-02,2.23261583e-03,-3.71327107e-02,3.34867349e-03,-3.71327107e-02,1.47011562e-01,-3.71327107e-02,1.49303573e-01,-3.71327107e-02,2.21786978e-01,
-3.24911218e-02,3.43000000e-05,-3.24911218e-02,2.24810948e-03,-3.24911218e-02,2.24811550e-03,-3.24911218e-02,2.24825903e-03,-3.24911218e-02,1.49568020e-03,-3.24911218e-02,2.24335094e-03,-3.24911218e-02,9.90091264e-02,-3.24911218e-02,1.00115136e-01,-3.24911218e-02,1.48887822e-01,
-2.78495330e-02,2.16000000e-05,-2.78495330e-02,1.41572208e-03,-2.78495330e-02,1.41572344e-03,-2.78495330e-02,1.41581385e-03,-2.78495330e-02,9.41886817e-04,-2.78495330e-02,1.41272304e-03,-2.78495330e-02,6.25138830e-02,-2.78495330e-02,6.30751164e-02,-2.78495330e-02,9.38553435e-02,
-2.32079442e-02,1.25000000e-05,-2.32079442e-02,8.19284551e-04,-2.32079442e-02,8.19284726e-04,-2.32079442e-02,8.19337052e-04,-2.32079442e-02,5.45073705e-04,-2.32079442e-02,8.17548397e-04,-2.32079442e-02,3.62186502e-02,-2.32079442e-02,3.65090785e-02,-2.32079442e-02,5.43383847e-02,
-1.85663553e-02,6.40000000e-06,-1.85663553e-02,4.19474067e-04,-1.85663553e-02,4.19474042e-04,-1.85663553e-02,4.19500834e-04,-1.85663553e-02,2.79077932e-04,-1.85663553e-02,4.18585047e-04,-1.85663553e-02,1.85518003e-02,-1.85663553e-02,1.86940299e-02,-1.85663553e-02,2.78257706e-02,
-1.39247665e-02,2.70000000e-06,-1.39247665e-02,1.76965876e-04,-1.39247665e-02,1.76965852e-04,-1.39247665e-02,1.76977155e-04,-1.39247665e-02,1.17736168e-04,-1.39247665e-02,1.76590811e-04,-1.39247665e-02,7.82748163e-03,-1.39247665e-02,7.88672411e-03,-1.39247665e-02,1.17395544e-02,
-9.28317767e-03,8.00000000e-07,-9.28317767e-03,5.24345564e-05,-9.28317767e-03,5.24345489e-05,-9.28317767e-03,5.24378976e-05,-9.28317767e-03,3.48849413e-05,-9.28317767e-03,5.23234298e-05,-9.28317767e-03,2.31931338e-03,-9.28317767e-03,2.33683328e-03,-9.28317767e-03,3.47843818e-03,
-4.64158883e-03,1.00000000e-07,-4.64158883e-03,6.55450705e-06,-4.64158883e-03,6.55450606e-06,-4.64158883e-03,6.55492441e-06,-4.64158883e-03,4.36074513e-06,-4.64158883e-03,6.54061954e-06,-4.64158883e-03,2.89928336e-04,-4.64158883e-03,2.92119939e-04,-4.64158883e-03,4.34827767e-04,
-3.17454396e-16,0.00000000e+00,-3.17454396e-16,9.36000166e-11,-3.17454396e-16,9.38484845e-11,-3.17454396e-16,9.35873601e-11,-3.17454396e-16,6.36215525e-11,-3.17454396e-16,9.53548351e-11,-3.17454396e-16,7.86083554e-09,-3.17454396e-16,8.03712630e-09,-3.17454396e-16,1.19886863e-08,
4.64158883e-03,-1.00000000e-07,4.64158883e-03,-6.55431962e-06,4.64158883e-03,-6.55431849e-06,4.64158883e-03,-6.55473723e-06,4.64158883e-03,-4.36061770e-06,4.64158883e-03,-6.54042869e-06,4.64158883e-03,-2.89914170e-04,4.64158883e-03,-2.92104168e-04,4.64158883e-03,-4.34804720e-04,
9.28317767e-03,-8.00000000e-07,9.28317767e-03,-5.24343690e-05,9.28317767e-03,-5.24343614e-05,9.28317767e-03,-5.24377103e-05,9.28317767e-03,-3.48848142e-05,9.28317767e-03,-5.23232387e-05,9.28317767e-03,-2.31929448e-03,9.28317767e-03,-2.33681670e-03,9.28317767e-03,-3.47841258e-03,
1.39247665e-02,-2.70000000e-06,1.39247665e-02,-1.76965688e-04,1.39247665e-02,-1.76965664e-04,1.39247665e-02,-1.76976967e-04,1.39247665e-02,-1.17736040e-04,1.39247665e-02,-1.76590621e-04,1.39247665e-02,-7.82742345e-03,1.39247665e-02,-7.88670079e-03,1.39247665e-02,-1.17395065e-02,
1.85663553e-02,-6.40000000e-06,1.85663553e-02,-4.19473877e-04,1.85663553e-02,-4.19473854e-04,1.85663553e-02,-4.19500647e-04,1.85663553e-02,-2.79077804e-04,1.85663553e-02,-4.18584856e-04,1.85663553e-02,-1.85516213e-02,1.85663553e-02,-1.86939857e-02,1.85663553e-02,-2.78256539e-02,
2.32079442e-02,-1.25000000e-05,2.32079442e-02,-8.19284357e-04,2.32079442e-02,-8.19284538e-04,2.32079442e-02,-8.19336864e-04,2.32079442e-02,-5.45073576e-04,2.32079442e-02,-8.17548206e-04,2.32079442e-02,-3.62182045e-02,2.32079442e-02,-3.65089879e-02,2.32079442e-02,-5.43381147e-02,
2.78495330e-02,-2.16000000e-05,2.78495330e-02,-1.41572188e-03,2.78495330e-02,-1.41572325e-03,2.78495330e-02,-1.41581366e-03,2.78495330e-02,-9.41886686e-04,2.78495330e-02,-1.41272285e-03,2.78495330e-02,-6.25129461e-02,2.78495330e-02,-6.30749391e-02,2.78495330e-02,-9.38547878e-02,
3.24911218e-02,-3.43000000e-05,3.24911218e-02,-2.24810927e-03,3.24911218e-02,-2.24811531e-03,3.24911218e-02,-2.24825884e-03,3.24911218e-02,-1.49568007e-03,3.24911218e-02,-2.24335074e-03,3.24911218e-02,-9.90073932e-02,3.24911218e-02,-1.00114814e-01,3.24911218e-02,-1.48886789e-01,
3.71327107e-02,-5.12000000e-05,3.71327107e-02,-3.35576477e-03,3.71327107e-02,-3.35578554e-03,3.71327107e-02,-3.35599966e-03,3.71327107e-02,-2.23261570e-03,3.71327107e-02,-3.34867329e-03,3.71327107e-02,-1.47008669e-01,3.71327107e-02,-1.49303027e-01,3.71327107e-02,-2.21785207e-01,
4.17742995e-02,-7.29000000e-05,4.17742995e-02,-4.77799690e-03,4.17742995e-02,-4.77805770e-03,4.17742995e-02,-4.77836224e-03,4.17742995e-02,-3.17885353e-03,4.17742995e-02,-4.76793074e-03,4.17742995e-02,-2.07304932e-01,4.17742995e-02,-2.12211483e-01,4.17742995e-02,-3.14563482e-01,
4.64158883e-02,-1.00000000e-04,4.64158883e-02,-6.55409555e-03,4.64158883e-02,-6.55425352e-03,4.64158883e-02,-6.55467048e-03,4.64158883e-02,-4.36054966e-03,4.64158883e-02,-6.54036115e-03,4.64158883e-02,-2.79816405e-01,4.64158883e-02,-2.90215435e-01,4.64158883e-02,-4.28587260e-01,
5.10574772e-02,-1.33100000e-04,5.10574772e-02,-8.72331734e-03,5.10574772e-02,-8.72369106e-03,5.10574772e-02,-8.72424431e-03,5.10574772e-02,-5.80385324e-03,5.10574772e-02,-8.70519859e-03,5.10574772e-02,-3.63242212e-01,5.10574772e-02,-3.84339816e-01,5.10574772e-02,-5.64064153e-01,
5.56990660e-02,-1.72800000e-04,5.56990660e-02,-1.13248631e-02,5.56990660e-02,-1.13256823e-02,5.56990660e-02,-1.13263970e-02,5.56990660e-02,-7.53490184e-03,5.56990660e-02,-1.13016705e-02,5.56990660e-02,-4.54867261e-01,5.56990660e-02,-4.95020249e-01,5.56990660e-02,-7.19227995e-01,
6.03406548e-02,-2.19700000e-04,6.03406548e-02,-1.43978441e-02,6.03406548e-02,-1.43995294e-02,6.03406548e-02,-1.44004313e-02,6.03406548e-02,-9.57981440e-03,6.03406548e-02,-1.43689938e-02,6.03406548e-02,-5.50642745e-01,6.03406548e-02,-6.21741572e-01,6.03406548e-02,-8.89047618e-01,
6.49822437e-02,-2.74400000e-04,6.49822437e-02,-1.79812345e-02,6.49822437e-02,-1.79845195e-02,6.49822437e-02,-1.79856335e-02,6.49822437e-02,-1.19646813e-02,6.49822437e-02,-1.79463688e-02,6.49822437e-02,-6.45448290e-01,6.49822437e-02,-7.62494367e-01,6.49822437e-02,-1.06338045e+00,
6.96238325e-02,-3.37500000e-04,6.96238325e-02,-2.21137987e-02,6.96238325e-02,-2.21199149e-02,6.96238325e-02,-2.21212631e-02,6.96238325e-02,-1.47155482e-02,6.96238325e-02,-2.20729692e-02,6.96238325e-02,-7.33394130e-01,6.96238325e-02,-9.12935421e-01,6.96238325e-02,-1.22539486e+00,
7.42654213e-02,-4.09600000e-04,7.42654213e-02,-2.68340218e-02,7.42654213e-02,-2.68449524e-02,7.42654213e-02,-2.68465516e-02,7.42654213e-02,-1.78584055e-02,7.42654213e-02,-2.67879408e-02,7.42654213e-02,-8.09268798e-01,7.42654213e-02,-1.06549182e+00,7.42654213e-02,-1.35601100e+00,
7.89070102e-02,-4.91300000e-04,7.89070102e-02,-3.21799620e-02,7.89070102e-02,-3.21988165e-02,7.89070102e-02,-3.22006740e-02,7.89070102e-02,-2.14191512e-02,7.89070102e-02,-3.21303727e-02,7.89070102e-02,-8.71359079e-01,7.89070102e-02,-1.20852660e+00,7.89070102e-02,-1.44889573e+00,
8.35485990e-02,-5.83200000e-04,8.35485990e-02,-3.81891140e-02,8.35485990e-02,-3.82206312e-02,8.35485990e-02,-3.82227394e-02,8.35485990e-02,-2.54235663e-02,8.35485990e-02,-3.81392883e-02,8.35485990e-02,-9.22490846e-01,8.35485990e-02,-1.32863219e+00,8.35485990e-02,-1.51464309e+00,
8.81901878e-02,-6.85900000e-04,8.81901878e-02,-4.48982229e-02,8.81901878e-02,-4.49494388e-02,8.81901878e-02,-4.49517686e-02,8.81901878e-02,-2.98972752e-02,8.81901878e-02,-4.48536225e-02,8.81901878e-02,-9.66531805e-01,8.81901878e-02,-1.41912414e+00,8.81901878e-02,-1.56489189e+00,
9.28317767e-02,-8.00000000e-04,9.28317767e-02,-5.23429895e-02,9.28317767e-02,-5.24241581e-02,9.28317767e-02,-5.24266483e-02,9.28317767e-02,-3.48656776e-02,9.28317767e-02,-5.23121764e-02,9.28317767e-02,-1.00617723e+00,9.28317767e-02,-1.48509289e+00,9.28317767e-02,-1.60628394e+00,
9.74733655e-02,-9.26100000e-04,9.74733655e-02,-6.05578427e-02,9.74733655e-02,-6.06835697e-02,9.74733655e-02,-6.06861157e-02,9.74733655e-02,-4.03539060e-02,9.74733655e-02,-6.05536013e-02,9.74733655e-02,-1.04305278e+00,9.74733655e-02,-1.53541466e+00,9.74733655e-02,-1.64223762e+00,
1.02114954e-01,-1.06480000e-03,1.02114954e-01,-6.95755341e-02,1.02114954e-01,-6.97662598e-02,1.02114954e-01,-6.97686969e-02,1.02114954e-01,-4.63867310e-02,1.02114954e-01,-6.96163380e-02,1.02114954e-01,-1.07810944e+00,1.02114954e-01,-1.57632993e+00,1.02114954e-01,-1.67459025e+00,
1.06756543e-01,-1.21670000e-03,1.06756543e-01,-7.94267233e-02,1.06756543e-01,-7.97105701e-02,1.06756543e-01,-7.97126540e-02,1.06756543e-01,-5.29884689e-02,1.06756543e-01,-7.95385629e-02,1.06756543e-01,-1.11192500e+00,1.06756543e-01,-1.61136741e+00,1.06756543e-01,-1.70440287e+00,
1.11398132e-01,-1.38240000e-03,1.11398132e-01,-9.01394819e-02,1.11398132e-01,-9.05545337e-02,1.11398132e-01,-9.05559155e-02,1.11398132e-01,-6.01828656e-02,1.11398132e-01,-9.03581194e-02,1.11398132e-01,-1.14485927e+00,1.11398132e-01,-1.64250052e+00,1.11398132e-01,-1.73232846e+00,
1.16039721e-01,-1.56250000e-03,1.16039721e-01,-1.01738730e-01,1.16039721e-01,-1.02335798e-01,1.16039721e-01,-1.02335994e-01,1.16039721e-01,-6.79929604e-02,1.16039721e-01,-1.02112435e-01,1.16039721e-01,-1.17713577e+00,1.16039721e-01,-1.67088721e+00,1.16039721e-01,-1.75878919e+00,
1.20681310e-01,-1.75760000e-03,1.20681310e-01,-1.14245608e-01,1.20681310e-01,-1.15091534e-01,1.20681310e-01,-1.15089888e-01,1.20681310e-01,-7.64409261e-02,1.20681310e-01,-1.14838423e-01,1.20681310e-01,-1.20888522e+00,1.20681310e-01,-1.69724569e+00,1.20681310e-01,-1.78406819e+00,
1.25322899e-01,-1.96830000e-03,1.25322899e-01,-1.27676786e-01,1.25322899e-01,-1.28858324e-01,1.25322899e-01,-1.28853964e-01,1.25322899e-01,-8.55478844e-02,1.25322899e-01,-1.28572368e-01,1.25322899e-01,-1.24016854e+00,1.25322899e-01,-1.72204308e+00,1.25322899e-01,-1.80836037e+00,
1.29964487e-01,-2.19520000e-03,1.29964487e-01,-1.42043746e-01,1.29964487e-01,-1.43672036e-01,1.29964487e-01,-1.43663825e-01,1.29964487e-01,-9.53336952e-02,1.29964487e-01,-1.43349786e-01,1.29964487e-01,-1.27098835e+00,1.29964487e-01,-1.74559479e+00,1.29964487e-01,-1.83180224e+00,
1.34606076e-01,-2.43890000e-03,1.34606076e-01,-1.57352027e-01,1.34606076e-01,-1.59567670e-01,1.34606076e-01,-1.59554144e-01,1.34606076e-01,-1.05816718e-01,1.34606076e-01,-1.59205271e-01,1.34606076e-01,-1.30129451e+00,1.34606076e-01,-1.76811981e+00,1.34606076e-01,-1.85449011e+00,
1.39247665e-01,-2.70000000e-03,1.39247665e-01,-1.73600495e-01,1.39247665e-01,-1.76579185e-01,1.39247665e-01,-1.76558489e-01,1.39247665e-01,-1.17013548e-01,1.39247665e-01,-1.76172308e-01,1.39247665e-01,-1.33098923e+00,1.39247665e-01,-1.78977332e+00,1.39247665e-01,-1.87649188e+00,
1.43889254e-01,-2.97910000e-03,1.43889254e-01,-1.90780649e-01,1.43889254e-01,-1.94739292e-01,1.43889254e-01,-1.94709103e-01,1.43889254e-01,-1.28938721e-01,1.43889254e-01,-1.94283063e-01,1.43889254e-01,-1.35993816e+00,1.43889254e-01,-1.81066663e+00,1.43889254e-01,-1.89785468e+00,
1.48530843e-01,-3.27680000e-03,1.48530843e-01,-2.08876017e-01,1.48530843e-01,-2.14079212e-01,1.48530843e-01,-2.14036664e-01,1.48530843e-01,-1.41604400e-01,1.48530843e-01,-2.13568138e-01,1.48530843e-01,-1.38799234e+00,1.48530843e-01,-1.83088004e+00,1.48530843e-01,-1.91861015e+00,
1.53172432e-01,-3.59370000e-03,1.53172432e-01,-2.27861685e-01,1.53172432e-01,-2.34628408e-01,1.53172432e-01,-2.34570006e-01,1.53172432e-01,-1.55020037e-01,1.53172432e-01,-2.34056298e-01,1.53172432e-01,-1.41501693e+00,1.53172432e-01,-1.85047134e+00,1.53172432e-01,-1.93877809e+00,
1.57814020e-01,-3.93040000e-03,1.57814020e-01,-2.47703984e-01,1.57814020e-01,-2.56414262e-01,1.57814020e-01,-2.56335804e-01,1.57814020e-01,-1.69192015e-01,1.57814020e-01,-2.55774150e-01,1.57814020e-01,-1.44091410e+00,1.57814020e-01,-1.86948166e+00,1.57814020e-01,-1.95836902e+00,
1.62455609e-01,-4.28750000e-03,1.62455609e-01,-2.68360401e-01,1.62455609e-01,-2.79461712e-01,1.62455609e-01,-2.79358208e-01,1.62455609e-01,-1.84123291e-01,1.62455609e-01,-2.78745792e-01,1.62455609e-01,-1.46562995e+00,1.62455609e-01,-1.88793957e+00,1.62455609e-01,-1.97738609e+00,
1.67097198e-01,-4.66560000e-03,1.67097198e-01,-2.89779703e-01,1.67097198e-01,-3.03792832e-01,1.67097198e-01,-3.03658443e-01,1.67097198e-01,-1.99813027e-01,1.67097198e-01,-3.02992404e-01,1.67097198e-01,-1.48914765e+00,1.67097198e-01,-1.90586404e+00,1.67097198e-01,-1.99582645e+00,
1.71738787e-01,-5.06530000e-03,1.71738787e-01,-3.11902319e-01,1.71738787e-01,-3.29426348e-01,1.71738787e-01,-3.29254348e-01,1.71738787e-01,-2.16256233e-01,1.71738787e-01,-3.28531797e-01,1.71738787e-01,-1.51147574e+00,1.71738787e-01,-1.92326671e+00,1.71738787e-01,-2.01368230e+00,
1.76380376e-01,-5.48720000e-03,1.76380376e-01,-3.34660944e-01,1.76380376e-01,-3.56377089e-01,1.76380376e-01,-3.56159859e-01,1.76380376e-01,-2.33443436e-01,1.76380376e-01,-3.55377903e-01,1.76380376e-01,-1.53263777e+00,1.76380376e-01,-1.94015359e+00,1.76380376e-01,-2.03094165e+00,
1.81021965e-01,-5.93190000e-03,1.81021965e-01,-3.57981349e-01,1.81021965e-01,-3.84655351e-01,1.81021965e-01,-3.84384427e-01,1.81021965e-01,-2.51360372e-01,1.81021965e-01,-3.83540200e-01,1.81021965e-01,-1.55266521e+00,1.81021965e-01,-1.95652635e+00,1.81021965e-01,-2.04758900e+00,
1.85663553e-01,-6.40000000e-03,1.85663553e-01,-3.81783352e-01,1.85663553e-01,-4.14266177e-01,1.85663553e-01,-4.13932365e-01,1.85663553e-01,-2.69987730e-01,1.85663553e-01,-4.13023071e-01,1.85663553e-01,-1.57159329e+00,1.85663553e-01,-1.97238350e+00,1.85663553e-01,-2.06360583e+00,
1.90305142e-01,-6.89210000e-03,1.90305142e-01,-4.05981894e-01,1.90305142e-01,-4.45208531e-01,1.90305142e-01,-4.44802120e-01,1.90305142e-01,-2.89300946e-01,1.90305142e-01,-4.43825084e-01,1.90305142e-01,-1.58945874e+00,1.90305142e-01,-1.98772122e+00,1.90305142e-01,-2.07897104e+00,
1.94946731e-01,-7.40880000e-03,1.94946731e-01,-4.30488136e-01,1.94946731e-01,-4.77474355e-01,1.94946731e-01,-4.76985440e-01,1.94946731e-01,-3.09270073e-01,1.94946731e-01,-4.75938190e-01,1.94946731e-01,-1.60629867e+00,1.94946731e-01,-2.00253417e+00,1.94946731e-01,-2.09366142e+00,
1.99588320e-01,-7.95070000e-03,1.99588320e-01,-4.55210538e-01,1.99588320e-01,-5.11047497e-01,1.99588320e-01,-5.10466447e-01,1.99588320e-01,-3.29859715e-01,1.99588320e-01,-5.09346812e-01,1.99588320e-01,-1.62215008e+00,1.99588320e-01,-2.01681613e+00,1.99588320e-01,-2.10765200e+00,
2.04229909e-01,-8.51840000e-03,2.04229909e-01,-4.80055837e-01,2.04229909e-01,-5.45902499e-01,2.04229909e-01,-5.45220589e-01,2.04229909e-01,-3.51029042e-01,2.04229909e-01,-5.44026840e-01,2.04229909e-01,-1.63704964e+00,2.04229909e-01,-2.03056058e+00,2.04229909e-01,-2.12091665e+00,
2.08871498e-01,-9.11250000e-03,2.08871498e-01,-5.04929893e-01,2.08871498e-01,-5.82003220e-01,2.08871498e-01,-5.81213455e-01,2.08871498e-01,-3.72731887e-01,2.08871498e-01,-5.79944478e-01,2.08871498e-01,-1.65103361e+00,2.08871498e-01,-2.04376118e+00,2.08871498e-01,-2.13342863e+00,
2.13513086e-01,-9.73360000e-03,2.13513086e-01,-5.29738378e-01,2.13513086e-01,-6.19301299e-01,2.13513086e-01,-6.18399427e-01,2.13513086e-01,-3.94916910e-01,2.13513086e-01,-6.17054975e-01,2.13513086e-01,-1.66413783e+00,2.13513086e-01,-2.05641224e+00,2.13513086e-01,-2.14516142e+00,
2.18154675e-01,-1.03823000e-02,2.18154675e-01,-5.54387319e-01,2.18154675e-01,-6.57734438e-01,2.18154675e-01,-6.56720167e-01,2.18154675e-01,-4.17527818e-01,2.18154675e-01,-6.55301176e-01,2.18154675e-01,-1.67639769e+00,2.18154675e-01,-2.06850903e+00,2.18154675e-01,-2.15608988e+00,
2.22796264e-01,-1.10592000e-02,2.22796264e-01,-5.78783524e-01,2.22796264e-01,-6.97224525e-01,2.22796264e-01,-6.96102914e-01,2.22796264e-01,-4.40503640e-01,2.22796264e-01,-6.94611921e-01,2.22796264e-01,-1.68784813e+00,2.22796264e-01,-2.08004810e+00,2.22796264e-01,-2.16619173e+00,
2.27437853e-01,-1.17649000e-02,2.27437853e-01,-6.02834980e-01,2.27437853e-01,-7.37675600e-01,2.27437853e-01,-7.36458567e-01,2.27437853e-01,-4.63779016e-01,2.27437853e-01,-7.34900220e-01,2.27437853e-01,-1.69852366e+00,2.27437853e-01,-2.09102755e+00,2.27437853e-01,-2.17544947e+00,
2.32079442e-01,-1.25000000e-02,2.32079442e-01,-6.26451331e-01,2.32079442e-01,-7.78971742e-01,2.32079442e-01,-7.77679582e-01,2.32079442e-01,-4.87284502e-01,2.32079442e-01,-7.76061369e-01,2.32079442e-01,-1.70845844e+00,2.32079442e-01,-2.10144719e+00,2.32079442e-01,-2.18385288e+00,
2.36721031e-01,-1.32651000e-02,2.36721031e-01,-6.49544598e-01,2.36721031e-01,-8.20974933e-01,2.36721031e-01,-8.19637941e-01,2.36721031e-01,-5.10946850e-01,2.36721031e-01,-8.17970997e-01,2.36721031e-01,-1.71768637e+00,2.36721031e-01,-2.11130864e+00,2.36721031e-01,-2.19140353e+00,
2.41362619e-01,-1.40608000e-02,2.41362619e-01,-6.72030309e-01,2.41362619e-01,-8.63523088e-01,2.41362619e-01,-8.62182925e-01,2.41362619e-01,-5.34689266e-01,2.41362619e-01,-8.60482912e-01,2.41362619e-01,-1.72624133e+00,2.41362619e-01,-2.12061550e+00,2.41362619e-01,-2.19811762e+00,
2.46004208e-01,-1.48877000e-02,2.46004208e-01,-6.93829216e-01,2.46004208e-01,-9.06428462e-01,2.46004208e-01,-9.05139110e-01,2.46004208e-01,-5.58431633e-01,2.46004208e-01,-9.03427080e-01,2.46004208e-01,-1.73415746e+00,2.46004208e-01,-2.12937333e+00,2.46004208e-01,-2.20402909e+00,
2.50645797e-01,-1.57464000e-02,2.50645797e-01,-7.14869690e-01,2.50645797e-01,-9.49476799e-01,2.50645797e-01,-9.48304797e-01,2.50645797e-01,-5.82090713e-01,2.50645797e-01,-9.46607851e-01,2.50645797e-01,-1.74146958e+00,2.50645797e-01,-2.13758971e+00,2.50645797e-01,-2.20919128e+00,
2.55287386e-01,-1.66375000e-02,2.55287386e-01,-7.35090702e-01,2.55287386e-01,-9.92427698e-01,2.55287386e-01,-9.91451098e-01,2.55287386e-01,-6.05580389e-01,2.55287386e-01,-9.89802646e-01,2.55287386e-01,-1.74821344e+00,2.55287386e-01,-2.14527424e+00,2.55287386e-01,-2.21367591e+00,
2.59928975e-01,-1.75616000e-02,2.59928975e-01,-7.54445218e-01,2.59928975e-01,-1.03501681e+00,2.59928975e-01,-1.03432192e+00,2.59928975e-01,-6.28811998e-01,2.59928975e-01,-1.03276141e+00,2.59928975e-01,-1.75442623e+00,2.59928975e-01,-2.15243857e+00,2.59928975e-01,-2.21756830e+00,
2.64570564e-01,-1.85193000e-02,2.64570564e-01,-7.72903382e-01,2.64570564e-01,-1.07696057e+00,2.64570564e-01,-1.07663507e+00,2.64570564e-01,-6.51694919e-01,2.64570564e-01,-1.07520727e+00,2.64570564e-01,-1.76014683e+00,2.64570564e-01,-2.15909645e+00,2.64570564e-01,-2.22095953e+00,
2.69212152e-01,-1.94940000e-02,2.69212152e-01,-7.90166416e-01,2.69212152e-01,-1.11727688e+00,2.69212152e-01,-1.11738902e+00,2.69212152e-01,-6.73759821e-01,2.69212152e-01,-1.11613924e+00,2.69212152e-01,-1.76533075e+00,2.69212152e-01,-2.16516327e+00,2.69212152e-01,-2.22389017e+00,
2.73853741e-01,-2.05204000e-02,2.73853741e-01,-8.06837627e-01,2.73853741e-01,-1.15707760e+00,2.73853741e-01,-1.15768667e+00,2.73853741e-01,-6.95686529e-01,2.73853741e-01,-1.15666993e+00,2.73853741e-01,-1.77019558e+00,2.73853741e-01,-2.17086701e+00,2.73853741e-01,-2.22653729e+00,
2.78495330e-01,-2.15822000e-02,2.78495330e-01,-8.22642665e-01,2.78495330e-01,-1.19537010e+00,2.78495330e-01,-1.19647962e+00,2.78495330e-01,-7.16996721e-01,2.78495330e-01,-1.19574871e+00,2.78495330e-01,-1.77469171e+00,2.78495330e-01,-2.17611917e+00,2.78495330e-01,-2.22891004e+00,
2.83136919e-01,-2.26800000e-02,2.83136919e-01,-8.37620630e-01,2.83136919e-01,-1.23189683e+00,2.83136919e-01,-1.23344872e+00,2.83136919e-01,-7.37607567e-01,2.83136919e-01,-1.23305533e+00,2.83136919e-01,-1.77885769e+00,2.83136919e-01,-2.18094144e+00,2.83136919e-01,-2.23105491e+00,
2.87778508e-01,-2.38144000e-02,2.87778508e-01,-8.51828685e-01,2.87778508e-01,-1.26645218e+00,2.87778508e-01,-1.26831818e+00,2.87778508e-01,-7.57449243e-01,2.87778508e-01,-1.26830829e+00,2.87778508e-01,-1.78273277e+00,2.87778508e-01,-2.18535980e+00,2.87778508e-01,-2.23300669e+00,
2.92420097e-01,-2.49860000e-02,2.92420097e-01,-8.65330053e-01,2.92420097e-01,-1.29888624e+00,2.92420097e-01,-1.30087771e+00,2.92420097e-01,-7.76467113e-01,2.92420097e-01,-1.30128653e+00,2.92420097e-01,-1.78635313e+00,2.92420097e-01,-2.18940251e+00,2.92420097e-01,-2.23479097e+00,
2.97061685e-01,-2.61954000e-02,2.97061685e-01,-8.78190752e-01,2.97061685e-01,-1.32911328e+00,2.97061685e-01,-1.33100811e+00,2.97061685e-01,-7.94626195e-01,2.97061685e-01,-1.33185458e+00,2.97061685e-01,-1.78975165e+00,2.97061685e-01,-2.19310002e+00,2.97061685e-01,-2.23642806e+00,
3.01703274e-01,-2.74432000e-02,3.01703274e-01,-8.90476142e-01,3.01703274e-01,-1.35711362e+00,3.01703274e-01,-1.35869377e+00,3.01703274e-01,-8.11913803e-01,3.01703274e-01,-1.35997641e+00,3.01703274e-01,-1.79295773e+00,3.01703274e-01,-2.19648432e+00,3.01703274e-01,-2.23793563e+00,
3.06344863e-01,-2.87300000e-02,3.06344863e-01,-9.02248428e-01,3.06344863e-01,-1.38293026e+00,3.06344863e-01,-1.38401774e+00,3.06344863e-01,-8.28339911e-01,3.06344863e-01,-1.38571355e+00,3.06344863e-01,-1.79599716e+00,3.06344863e-01,-2.19958807e+00,3.06344863e-01,-2.23933027e+00,
3.10986452e-01,-3.00564000e-02,3.10986452e-01,-9.13565146e-01,3.10986452e-01,-1.40666080e+00,3.10986452e-01,-1.40714055e+00,3.10986452e-01,-8.43935010e-01,3.10986452e-01,-1.40920781e+00,3.10986452e-01,-1.79889240e+00,3.10986452e-01,-2.20244354e+00,3.10986452e-01,-2.24062785e+00,
3.15628041e-01,-3.14230000e-02,3.15628041e-01,-9.24478433e-01,3.15628041e-01,-1.42844551e+00,3.15628041e-01,-1.42827043e+00,3.15628041e-01,-8.58745919e-01,3.15628041e-01,-1.43065441e+00,3.15628041e-01,-1.80166276e+00,3.15628041e-01,-2.20508167e+00,3.15628041e-01,-2.24184332e+00,
3.20269630e-01,-3.28304000e-02,3.20269630e-01,-9.35034870e-01,3.20269630e-01,-1.44845272e+00,3.20269630e-01,-1.44763401e+00,3.20269630e-01,-8.72830535e-01,3.20269630e-01,-1.45027381e+00,3.20269630e-01,-1.80432485e+00,3.20269630e-01,-2.20753115e+00,3.20269630e-01,-2.24299034e+00,
3.24911218e-01,-3.42792000e-02,3.24911218e-01,-9.45275676e-01,3.24911218e-01,-1.46686395e+00,3.24911218e-01,-1.46545402e+00,3.24911218e-01,-8.86252561e-01,3.24911218e-01,-1.46828863e+00,3.24911218e-01,-1.80689286e+00,3.24911218e-01,-2.20981794e+00,3.24911218e-01,-2.24408096e+00,
3.29552807e-01,-3.57700000e-02,3.29552807e-01,-9.55237108e-01,3.29552807e-01,-1.48386091e+00,3.29552807e-01,-1.48193571e+00,3.29552807e-01,-8.99077031e-01,3.29552807e-01,-1.48490833e+00,3.29552807e-01,-1.80937895e+00,3.29552807e-01,-2.21196499e+00,3.29552807e-01,-2.24512554e+00,
3.34194396e-01,-3.73034000e-02,3.34194396e-01,-9.64950956e-01,3.34194396e-01,-1.49961604e+00,3.34194396e-01,-1.49726070e+00,3.34194396e-01,-9.11367008e-01,3.34194396e-01,-1.50032118e+00,3.34194396e-01,-1.81179355e+00,3.34194396e-01,-2.21399226e+00,3.34194396e-01,-2.24613280e+00,
3.38835985e-01,-3.88800000e-02,3.38835985e-01,-9.74445051e-01,3.38835985e-01,-1.51428678e+00,3.38835985e-01,-1.51158574e+00,3.38835985e-01,-9.23181478e-01,3.38835985e-01,-1.51469155e+00,3.38835985e-01,-1.81414561e+00,3.38835985e-01,-2.21591690e+00,3.38835985e-01,-2.24711002e+00,
3.43477574e-01,-4.05004000e-02,3.43477574e-01,-9.83743762e-01,3.43477574e-01,-1.52801302e+00,3.43477574e-01,-1.52504424e+00,3.43477574e-01,-9.34574242e-01,3.43477574e-01,-1.52816045e+00,3.43477574e-01,-1.81644285e+00,3.43477574e-01,-2.21775354e+00,3.43477574e-01,-2.24806321e+00,
3.48119163e-01,-4.21652000e-02,3.48119163e-01,-9.92868449e-01,3.48119163e-01,-1.54091680e+00,3.48119163e-01,-1.53774890e+00,3.48119163e-01,-9.45593530e-01,3.48119163e-01,-1.54084757e+00,3.48119163e-01,-1.81869195e+00,3.48119163e-01,-2.21951459e+00,3.48119163e-01,-2.24899735e+00,
3.52760751e-01,-4.38750000e-02,3.52760751e-01,-1.00183786e+00,3.52760751e-01,-1.55310331e+00,3.52760751e-01,-1.54979474e+00,3.52760751e-01,-9.56282092e-01,3.52760751e-01,-1.55285413e+00,3.52760751e-01,-1.82089870e+00,3.52760751e-01,-2.22121060e+00,3.52760751e-01,-2.24991657e+00,
3.57402340e-01,-4.56304000e-02,3.57402340e-01,-1.01066850e+00,3.57402340e-01,-1.56466265e+00,3.57402340e-01,-1.56126195e+00,3.57402340e-01,-9.66677546e-01,3.57402340e-01,-1.56426553e+00,3.57402340e-01,-1.82306817e+00,3.57402340e-01,-2.22285053e+00,3.57402340e-01,-2.25082429e+00,
3.62043929e-01,-4.74320000e-02,3.62043929e-01,-1.01937491e+00,3.62043929e-01,-1.57567170e+00,3.62043929e-01,-1.57221837e+00,3.62043929e-01,-9.76812866e-01,3.62043929e-01,-1.57515399e+00,3.62043929e-01,-1.82520478e+00,3.62043929e-01,-2.22444199e+00,3.62043929e-01,-2.25172338e+00,
3.66685518e-01,-4.92804000e-02,3.66685518e-01,-1.02796996e+00,3.66685518e-01,-1.58619600e+00,3.66685518e-01,-1.58272165e+00,3.66685518e-01,-9.86716899e-01,3.66685518e-01,-1.58558072e+00,3.66685518e-01,-1.82731243e+00,3.66685518e-01,-2.22599151e+00,3.66685518e-01,-2.25261624e+00,
3.71327107e-01,-5.11762000e-02,3.71327107e-01,-1.03646505e+00,3.71327107e-01,-1.59629149e+00,3.71327107e-01,-1.59282097e+00,3.71327107e-01,-9.96414881e-01,3.71327107e-01,-1.59559776e+00,3.71327107e-01,-1.82939455e+00,3.71327107e-01,-2.22750469e+00,3.71327107e-01,-2.25350491e+00,
3.75968696e-01,-5.31200000e-02,3.75968696e-01,-1.04487031e+00,3.75968696e-01,-1.60600599e+00,3.75968696e-01,-1.60255855e+00,3.75968696e-01,-1.00592891e+00,3.75968696e-01,-1.60524960e+00,3.75968696e-01,-1.83145417e+00,3.75968696e-01,-2.22898634e+00,3.75968696e-01,-2.25439111e+00,
3.80610284e-01,-5.51124000e-02,3.80610284e-01,-1.05319478e+00,3.80610284e-01,-1.61538055e+00,3.80610284e-01,-1.61197076e+00,3.80610284e-01,-1.01527835e+00,3.80610284e-01,-1.61457440e+00,3.80610284e-01,-1.83349401e+00,3.80610284e-01,-2.23044064e+00,3.80610284e-01,-2.25527630e+00,
3.85251873e-01,-5.71540000e-02,3.85251873e-01,-1.06144651e+00,3.85251873e-01,-1.62445045e+00,3.85251873e-01,-1.62108912e+00,3.85251873e-01,-1.02448024e+00,3.85251873e-01,-1.62360504e+00,3.85251873e-01,-1.83551647e+00,3.85251873e-01,-2.23187125e+00,3.85251873e-01,-2.25616177e+00,
3.89893462e-01,-5.92454000e-02,3.89893462e-01,-1.06963271e+00,3.89893462e-01,-1.63324619e+00,3.89893462e-01,-1.62994106e+00,3.89893462e-01,-1.03354957e+00,3.89893462e-01,-1.63237001e+00,3.89893462e-01,-1.83752370e+00,3.89893462e-01,-2.23328133e+00,3.89893462e-01,-2.25704859e+00,
3.94535051e-01,-6.13872000e-02,3.94535051e-01,-1.07775985e+00,3.94535051e-01,-1.64179420e+00,3.94535051e-01,-1.63855056e+00,3.94535051e-01,-1.04249959e+00,3.94535051e-01,-1.64089408e+00,3.94535051e-01,-1.83951763e+00,3.94535051e-01,-2.23467369e+00,3.94535051e-01,-2.25793771e+00,
3.99176640e-01,-6.35800000e-02,3.99176640e-01,-1.08583374e+00,3.99176640e-01,-1.65011750e+00,3.99176640e-01,-1.64693869e+00,3.99176640e-01,-1.05134202e+00,3.99176640e-01,-1.64919888e+00,3.99176640e-01,-1.84150000e+00,3.99176640e-01,-2.23605080e+00,3.99176640e-01,-2.25882995e+00,
4.03818229e-01,-6.58244000e-02,4.03818229e-01,-1.09385959e+00,4.03818229e-01,-1.65823618e+00,4.03818229e-01,-1.65512400e+00,4.03818229e-01,-1.06008728e+00,4.03818229e-01,-1.65730338e+00,4.03818229e-01,-1.84347237e+00,4.03818229e-01,-2.23741484e+00,4.03818229e-01,-2.25972603e+00,
4.08459817e-01,-6.81210000e-02,4.08459817e-01,-1.10184211e+00,4.08459817e-01,-1.66616788e+00,4.08459817e-01,-1.66312292e+00,4.08459817e-01,-1.06874461e+00,4.08459817e-01,-1.66522428e+00,4.08459817e-01,-1.84543613e+00,4.08459817e-01,-2.23876776e+00,4.08459817e-01,-2.26062656e+00,
4.13101406e-01,-7.04704000e-02,4.13101406e-01,-1.10978553e+00,4.13101406e-01,-1.67392810e+00,4.13101406e-01,-1.67095002e+00,4.13101406e-01,-1.07732227e+00,4.13101406e-01,-1.67297633e+00,4.13101406e-01,-1.84739257e+00,4.13101406e-01,-2.24011128e+00,4.13101406e-01,-2.26153209e+00,
4.17742995e-01,-7.28732000e-02,4.17742995e-01,-1.11769366e+00,4.17742995e-01,-1.68153057e+00,4.17742995e-01,-1.67861829e+00,4.17742995e-01,-1.08582762e+00,4.17742995e-01,-1.68057262e+00,4.17742995e-01,-1.84934282e+00,4.17742995e-01,-2.24144696e+00,4.17742995e-01,-2.26244311e+00,
4.22384584e-01,-7.53300000e-02,4.22384584e-01,-1.12556994e+00,4.22384584e-01,-1.68898741e+00,4.22384584e-01,-1.68613933e+00,4.22384584e-01,-1.09426727e+00,4.22384584e-01,-1.68802478e+00,4.22384584e-01,-1.85128792e+00,4.22384584e-01,-2.24277619e+00,4.22384584e-01,-2.26336002e+00,
4.27026173e-01,-7.78414000e-02,4.27026173e-01,-1.13341746e+00,4.27026173e-01,-1.69630943e+00,4.27026173e-01,-1.69352354e+00,4.27026173e-01,-1.10264710e+00,4.27026173e-01,-1.69534320e+00,4.27026173e-01,-1.85322881e+00,4.27026173e-01,-2.24410021e+00,4.27026173e-01,-2.26428321e+00,
4.31667762e-01,-8.04080000e-02,4.31667762e-01,-1.14123901e+00,4.31667762e-01,-1.70350625e+00,4.31667762e-01,-1.70078024e+00,4.31667762e-01,-1.11097243e+00,4.31667762e-01,-1.70253716e+00,4.31667762e-01,-1.85516633e+00,4.31667762e-01,-2.24542014e+00,4.31667762e-01,-2.26521299e+00,
4.36309350e-01,-8.30304000e-02,4.36309350e-01,-1.14903706e+00,4.36309350e-01,-1.71058647e+00,4.36309350e-01,-1.70791785e+00,4.36309350e-01,-1.11924799e+00,4.36309350e-01,-1.70961499e+00,4.36309350e-01,-1.85710125e+00,4.36309350e-01,-2.24673699e+00,4.36309350e-01,-2.26614965e+00,
4.40950939e-01,-8.57092000e-02,4.40950939e-01,-1.15681385e+00,4.40950939e-01,-1.71755782e+00,4.40950939e-01,-1.71494395e+00,4.40950939e-01,-1.12747804e+00,4.40950939e-01,-1.71658421e+00,4.40950939e-01,-1.85903426e+00,4.40950939e-01,-2.24805167e+00,4.40950939e-01,-2.26709344e+00,
4.45592528e-01,-8.84450000e-02,4.45592528e-01,-1.16457137e+00,4.45592528e-01,-1.72442723e+00,4.45592528e-01,-1.72186540e+00,4.45592528e-01,-1.13566641e+00,4.45592528e-01,-1.72345155e+00,4.45592528e-01,-1.86096597e+00,4.45592528e-01,-2.24936499e+00,4.45592528e-01,-2.26804456e+00,
4.50234117e-01,-9.12384000e-02,4.50234117e-01,-1.17231135e+00,4.50234117e-01,-1.73120094e+00,4.50234117e-01,-1.72868840e+00,4.50234117e-01,-1.14381650e+00,4.50234117e-01,-1.73022314e+00,4.50234117e-01,-1.86289694e+00,4.50234117e-01,-2.25067770e+00,4.50234117e-01,-2.26900321e+00,
4.54875706e-01,-9.40900000e-02,4.54875706e-01,-1.18003534e+00,4.54875706e-01,-1.73788461e+00,4.54875706e-01,-1.73541862e+00,4.54875706e-01,-1.15193136e+00,4.54875706e-01,-1.73690449e+00,4.54875706e-01,-1.86482766e+00,4.54875706e-01,-2.25199045e+00,4.54875706e-01,-2.26996955e+00,
4.59517295e-01,-9.70004000e-02,4.59517295e-01,-1.18774466e+00,4.59517295e-01,-1.74448333e+00,4.59517295e-01,-1.74206117e+00,4.59517295e-01,-1.16001371e+00,4.59517295e-01,-1.74350063e+00,4.59517295e-01,-1.86675858e+00,4.59517295e-01,-2.25330384e+00,4.59517295e-01,-2.27094371e+00,
4.64158883e-01,-9.99702000e-02,4.64158883e-01,-1.19544044e+00,4.64158883e-01,-1.75100173e+00,4.64158883e-01,-1.74862073e+00,4.64158883e-01,-1.16806595e+00,4.64158883e-01,-1.75001611e+00,4.64158883e-01,-1.86869008e+00,4.64158883e-01,-2.25461840e+00,4.64158883e-01,-2.27192581e+00,
